-- MySQL dump 10.13  Distrib 8.0.38, for Win64 (x86_64)
--

CREATE DATABASE IF NOT EXISTS trailerflix DEFAULT CHARACTER  SET 'utf8'; 
USE trailerflix;

-- Host: junction.proxy.rlwy.net    Database: trailerflix
-- ------------------------------------------------------
-- Server version	9.1.0

/*!40101 SET @OLD_CHARACTER_SET_CLIENT=@@CHARACTER_SET_CLIENT */;
/*!40101 SET @OLD_CHARACTER_SET_RESULTS=@@CHARACTER_SET_RESULTS */;
/*!40101 SET @OLD_COLLATION_CONNECTION=@@COLLATION_CONNECTION */;
/*!50503 SET NAMES utf8mb4 */;
/*!40103 SET @OLD_TIME_ZONE=@@TIME_ZONE */;
/*!40103 SET TIME_ZONE='+00:00' */;
/*!40014 SET @OLD_UNIQUE_CHECKS=@@UNIQUE_CHECKS, UNIQUE_CHECKS=0 */;
/*!40014 SET @OLD_FOREIGN_KEY_CHECKS=@@FOREIGN_KEY_CHECKS, FOREIGN_KEY_CHECKS=0 */;
/*!40101 SET @OLD_SQL_MODE=@@SQL_MODE, SQL_MODE='NO_AUTO_VALUE_ON_ZERO' */;
/*!40111 SET @OLD_SQL_NOTES=@@SQL_NOTES, SQL_NOTES=0 */;

--
-- Table structure for table `actores`
--

DROP TABLE IF EXISTS `actores`;
/*!40101 SET @saved_cs_client     = @@character_set_client */;
/*!50503 SET character_set_client = utf8mb4 */;
CREATE TABLE `actores` (
  `id_actor` int NOT NULL AUTO_INCREMENT,
  `nombre_actor` varchar(255) NOT NULL,
  PRIMARY KEY (`id_actor`)
) ENGINE=InnoDB AUTO_INCREMENT=1179 DEFAULT CHARSET=utf8mb4 COLLATE=utf8mb4_0900_ai_ci;
/*!40101 SET character_set_client = @saved_cs_client */;

--
-- Dumping data for table `actores`
--

LOCK TABLES `actores` WRITE;
/*!40000 ALTER TABLE `actores` DISABLE KEYS */;
INSERT INTO `actores` VALUES (1,'Pedro Pascal'),(2,'Carl Weathers'),(3,'Misty Rosas'),(4,'Chris Bartlett'),(5,'Rio Hackford'),(6,'Giancarlo Esposito'),(7,'Joaquin Phoenix'),(8,'Robert De Niro'),(9,'Zazie Beetz'),(10,'Frances Conroy'),(11,'Brett Cullen'),(12,'Shea Whigham'),(13,'Tom Hopper'),(14,'David Castañeda'),(15,'Emmy Raver-Lampman'),(16,'Robert Sheehan'),(17,'Aidan Gallagher'),(18,'Elliot Page'),(19,'Anya Taylor-Joy'),(20,'Thomas Brodie-Sangster'),(21,'Harry Melling'),(22,'Moses Ingram'),(23,'Chloe Pirrie'),(24,'Janina Elkin'),(25,'Lili Reinhart'),(26,'Casey Cott'),(27,'Camila Mendes'),(28,'Marisol Nichols'),(29,'Madelaine Petsch'),(30,'Mädchen Amick'),(31,'Claire Fox'),(32,'Olivia Colman'),(33,'Matt Smith'),(34,'Tobias Menzies'),(35,'Vanesa Kirby'),(36,'Helena Bonham Carter'),(37,'Millie Bobby Brown'),(38,'Henry Cavill'),(39,'Sam Claflin'),(40,'Louis Partridge'),(41,'Adeel Akhtar'),(42,'Liev Schreiber'),(43,'Julia Stiles'),(44,'Seamus Davey-Fitzpatrick'),(45,'David Thewlis'),(46,'Pete Postlethwaite'),(47,'Mia Farrow'),(48,'Predrag Bjelac'),(49,'Carlo Sabatini'),(50,'Amy Huck'),(51,'Ellen Burstyn'),(52,'Linda Blair'),(53,'Max von Sydow'),(54,'Lee J. Cobb'),(55,'Kitty Winn'),(56,'Jack MacGowran'),(57,'Jason Miller'),(58,'William O\'Malley'),(59,'Barton Heyman'),(60,'Rainn Wilson'),(61,'Steve Carell'),(62,'Jenna Fischer'),(63,'John Krasinski'),(64,'B.J. Novak'),(65,'Kate Flannery'),(66,'Brian Baumgartner'),(67,'Leslie David Baker'),(68,'Mindy Kaling'),(69,'Angela Kinsey'),(70,'Emilia Clarke'),(71,'Lena Headey'),(72,'Sophie Turner'),(73,'Kit Harington'),(74,'Peter Dinklage'),(75,'Nikolaj Coster-Waldau'),(76,'Grant Gustin'),(77,'Carlos Valdes'),(78,'Danielle Panabaker'),(79,'Candice Patton'),(80,'Jesse L. Martin'),(81,'Tom Cavanagh'),(82,'Jim Parsons'),(83,'Johnny Galecki'),(84,'Kaley Cuoco'),(85,'Simon Helberg'),(86,'Kunal Nayyar'),(87,'Melissa Rauch'),(88,'Mayim Bialik'),(89,'Jennifer Aniston'),(90,'Courteney Cox'),(91,'Lisa Kudrow'),(92,'David Schwimmer'),(93,'Matthew Perry'),(94,'Matt LeBlanc'),(95,'Amybeth McNulty'),(96,'Geraldine James'),(97,'R. H. Thomson'),(98,'Corrine Koslo'),(99,'Dalila Bela'),(100,'Lucas Jade Zumann'),(101,'Dwayne Johnson'),(102,'Kevin Hart'),(103,'Jack Black'),(104,'Karen Gillan'),(105,'Awkwafina'),(106,'Nick Jonas'),(107,'Rhys Darby'),(108,'Bobby Cannavale'),(109,'Alex Wolff'),(110,'Ser\'Darius Blain'),(111,'Madison Iseman'),(112,'Morgan Turner'),(113,'Sean Buxton'),(114,'Mason Guccione'),(115,'Marin Hinkle'),(116,'Colin Hanks'),(117,'Danny DeVito'),(118,'Danny Glover'),(119,'Gal Gadot'),(120,'Chris Pine'),(121,'Kristen Wiig'),(123,'Robin Wright'),(124,'Connie Nielsen'),(125,'Lilly Aspell'),(126,'Amr Waked'),(127,'Kristoffer Polaha'),(128,'Ben Affleck'),(131,'Jason Momoa'),(132,'Ezra Miller'),(133,'Ray Fisher'),(134,'Amy Adams'),(135,'Jeremy Irons'),(137,'Charlie Sheen'),(138,'Jon Cryer'),(139,'Angus T. Jones'),(140,'Conchata Ferrel'),(141,'Holland Taylor'),(143,'Jennifer Bini Taylor'),(144,'Melanie Lynskey'),(145,'Ashton Kutcher'),(146,'Amber Tamblyn'),(147,'Úrsula Corberó'),(148,'Álvaro Morte'),(149,'Itziar Ituño'),(150,'Pedro Alonso'),(151,'Alba Flores'),(152,'Miguel Herrán'),(153,'Jaime Lorente'),(154,'Esther Acebo'),(155,'Enrique Arce'),(156,'Winona Ryder'),(157,'David Harbour'),(158,'Finn Wolfhard'),(160,'Gaten Matarazzo'),(161,'Caleb McLaughlin'),(162,'Natalia Dyer'),(163,'Charlie Heaton'),(164,'Joe Keery'),(165,'Raúl Juliá'),(166,'Anjelica Huston'),(167,'Christopher Lloyd'),(168,'Christina Ricci'),(169,'Carel Struycken'),(170,'Dan Hedaya'),(171,'Jimmy Workman'),(172,'Elizabeth Wilson'),(173,'Dana Ivey'),(174,'Gillian Anderson'),(175,'David Duchovny'),(176,'Mitch Pileggi'),(177,'Robert Patrick'),(178,'Tom Braidwood'),(179,'Bruce Harwood'),(180,'Jared Harris'),(181,'Stellan Skarsgård'),(182,'Emily Watson'),(183,'Paul Ritter'),(184,'Jessie Buckley'),(185,'Adam Nagaitis'),(186,'Evan Rachel Wood'),(187,'Thandiwe Newton'),(188,'Jeffrey Wright'),(189,'Tessa Thompson'),(190,'Ed Harris'),(191,'Luke Hemsworth'),(192,'Lee Pace'),(193,'Scoot McNairy'),(194,'Mackenzie Davis'),(195,'Kerry Bishé'),(196,'Toby Huss'),(197,'Alana Cavanaugh'),(198,'Jessica Chastain'),(199,'John Malkovich'),(200,'Colin Farrell'),(201,'Geena Davis'),(202,'Ioan Gruffudd'),(203,'Ioan Gruffudd'),(204,'Margot Robbie'),(205,'Ewan McGregor'),(206,'Mary Elizabeth Winstead'),(207,'Jurnee Smollett'),(208,'Rosie Perez'),(209,'Chris Messina'),(210,'Robert Downey Jr.'),(211,'Rodrigo de la serna'),(212,'Theo James'),(213,'Stacy Martin'),(214,'Rhona Mitra'),(215,'Peter Ferdinando'),(216,'Lia Williams'),(217,'Richard Glover'),(218,'Omar Epps'),(219,'Kate Walsh'),(220,'Miranda Cosgrove'),(221,'Angus Macfadyen'),(222,'Jorja Fox'),(223,'Haaz Sleiman'),(224,'James McAvoy'),(225,'Jessica Chastain'),(226,'Bill Hader'),(227,'Isaiah Mustafa'),(228,'Jay Ryan'),(229,'James Ransone'),(230,'Chadwick Boseman'),(231,'Michael B. Jordan'),(232,'Lupita Nyong\'o'),(233,'Danai Gurira'),(234,'Letitia Wright'),(235,'Winston Duke'),(236,'Matt Damon'),(237,'Christian Bale'),(238,'Jon Bernthal'),(239,'Caitriona Balfe'),(240,'Josh Lucas'),(241,'Noah Jupe'),(242,'Vincent Piazza'),(243,'Genesis Rodriguez'),(244,'Mavis Simpson-Ernst'),(245,'Anil Raman'),(246,'Erik Schrody'),(247,'Amy Claire'),(248,'Amy Manson'),(249,'Dominic Mafham'),(250,'Luke Allen-Gale'),(251,'Nina Bergman'),(252,'Lorina Kamburova'),(253,'Louis Mandylor'),(254,'Marion Cotillard'),(255,'Matt Damon'),(256,'Laurence Fishburne'),(257,'Jude Law'),(258,'Gwyneth Paltrow'),(259,'Kate Winslet'),(260,'Scarlett Johansson'),(261,'Florence Pugh'),(262,'David Harbour'),(263,'Rachel Weisz'),(264,'Ray Winstone'),(265,'O.T. Fagbenle'),(266,'Matt Damon'),(267,'Jessica Chastain'),(268,'Kristen Wiig'),(269,'Jeff Daniels'),(270,'Michael Peña'),(271,'Sean Bean'),(272,'Alicia Vikander'),(273,'Domhnall Gleeson'),(274,'Oscar Isaac'),(275,'Sonoya Mizuno'),(276,'Corey Johnson'),(277,'Deborah Rosan'),(278,'Chris Pratt'),(279,'Bryce Dallas Howard'),(280,'Irrfan Khan'),(281,'Vincent D\'Onofrio'),(282,'Nick Robinson'),(283,'Ty Simpkins'),(284,'Will Smith'),(285,'Alice Braga'),(286,'Charlie Tahan'),(287,'Dash Mihok'),(288,'Salli Richardson'),(289,'Willow Smith'),(290,'Ryan Gosling'),(291,'Claire Foy'),(292,'Jason Clarke'),(293,'Kyle Chandler'),(294,'Corey Stoll'),(295,'Pablo Schreiber'),(296,'John Boyega'),(297,'Scott Eastwood'),(298,'Cailee Spaeny'),(299,'Burn Gorman'),(300,'Rinko Kikuchi'),(301,'Charlie Day'),(302,'Ashton Kutcher'),(303,'Dermot Mulroney'),(304,'Josh Gad'),(305,'Lukas Haas'),(306,'Matthew Modine'),(307,'J.K. Simmons'),(308,'Noah Wyle'),(309,'Anthony Michael Hall'),(310,'Joey Slotnick'),(311,'J.G. Hertzler'),(312,'Josh Hopkins'),(313,'Wayne Pére'),(314,'Jesse Eisenberg'),(315,'Andrew Garfield'),(316,'Justin Timberlake'),(317,'Armie Hammer'),(318,'Max Minghella'),(319,'Rashida Jones'),(320,'Ryan Phillippe'),(321,'Rachael Leigh Cook'),(322,'Claire Forlani'),(323,'Tim Robbins'),(324,'Tygh Runyan'),(325,'Ned Bellamy'),(326,'Anna Kendrick'),(327,'Daniel Dae Kim'),(328,'Shamier Anderson'),(329,'Toni Collette'),(330,'Yuri Solovey'),(331,'Elizabeth Weinstein'),(332,'Charlie Sheen'),(333,'Jon Cryer'),(334,'Angus T. Jones'),(335,'Conchata Ferrell'),(336,'Holland Taylor'),(337,'Marin Hinkle'),(338,'Úrsula Corberó'),(339,'Álvaro Morte'),(340,'Itziar Ituño'),(341,'Pedro Alonso'),(342,'Miguel Herrán'),(343,'Jaime Lorente'),(344,'Winona Ryder'),(345,'David Harbour'),(346,'Finn Wolfhard'),(347,'Millie Bobby Brown'),(348,'Gaten Matarazzo'),(349,'Caleb McLaughlin'),(350,'Sandra Bullock'),(351,'George Clooney'),(352,'Ed Harris'),(353,'Orto Ignatiussen'),(354,'Phaldut Sharma'),(355,'Amy Warren'),(356,'Bill Skarsgård'),(357,'Jaeden Martell'),(358,'Sophia Lillis'),(359,'Finn Wolfhard'),(360,'Jack Dylan Grazer'),(361,'Jeremy Ray Taylor'),(362,'Tom Hanks'),(363,'Bill Paxton'),(364,'Kevin Bacon'),(365,'Gary Sinise'),(366,'Ed Harris'),(367,'Kathleen Quinlan'),(368,'Gregory Peck'),(369,'Lee Remick'),(370,'Harvey Stephens'),(371,'David Warner'),(372,'Billie Whitelaw'),(373,'Martin Benson'),(374,'Ellen Burstyn'),(375,'Max von Sydow'),(376,'Linda Blair'),(377,'Jason Miller'),(378,'Lee J. Cobb'),(379,'Kitty Winn'),(380,'Steve Carell'),(381,'Rainn Wilson'),(382,'John Krasinski'),(383,'Jenna Fischer'),(384,'Mindy Kaling'),(385,'B.J. Novak'),(386,'Theo James'),(387,'Stacy Martin'),(388,'Rhona Mitra'),(389,'Peter Ferdinando'),(390,'Lia Williams'),(391,'Richard Glover'),(392,'Omar Epps'),(393,'Kate Walsh'),(394,'Miranda Cosgrove'),(395,'Angus Macfadyen'),(396,'Jorja Fox'),(397,'Haaz Sleiman'),(398,'James McAvoy'),(399,'Jessica Chastain'),(400,'Bill Hader'),(401,'Isaiah Mustafa'),(402,'Jay Ryan'),(403,'James Ransone'),(404,'Chadwick Boseman'),(405,'Michael B. Jordan'),(406,'Lupita Nyong\'o'),(407,'Danai Gurira'),(408,'Letitia Wright'),(409,'Winston Duke'),(410,'Matt Damon'),(411,'Christian Bale'),(412,'Jon Bernthal'),(413,'Caitriona Balfe'),(414,'Josh Lucas'),(415,'Noah Jupe'),(416,'Vincent Piazza'),(417,'Genesis Rodriguez'),(418,'Mavis Simpson-Ernst'),(419,'Anil Raman'),(420,'Erik Schrody'),(421,'Amy Claire'),(422,'Amy Manson'),(423,'Dominic Mafham'),(424,'Luke Allen-Gale'),(425,'Nina Bergman'),(426,'Lorina Kamburova'),(427,'Louis Mandylor'),(428,'Marion Cotillard'),(429,'Matt Damon'),(430,'Laurence Fishburne'),(431,'Jude Law'),(432,'Gwyneth Paltrow'),(433,'Kate Winslet'),(434,'Scarlett Johansson'),(435,'Florence Pugh'),(436,'David Harbour'),(437,'Rachel Weisz'),(438,'Ray Winstone'),(439,'O.T. Fagbenle'),(440,'Matt Damon'),(441,'Jessica Chastain'),(442,'Kristen Wiig'),(443,'Jeff Daniels'),(444,'Michael Peña'),(445,'Sean Bean'),(446,'Alicia Vikander'),(447,'Domhnall Gleeson'),(448,'Oscar Isaac'),(449,'Sonoya Mizuno'),(450,'Corey Johnson'),(451,'Deborah Rosan'),(452,'Chris Pratt'),(453,'Bryce Dallas Howard'),(454,'Irrfan Khan'),(455,'Vincent D\'Onofrio'),(456,'Nick Robinson'),(457,'Ty Simpkins'),(458,'Will Smith'),(459,'Alice Braga'),(460,'Charlie Tahan'),(461,'Dash Mihok'),(462,'Salli Richardson'),(463,'Willow Smith'),(464,'Ryan Gosling'),(465,'Claire Foy'),(466,'Jason Clarke'),(467,'Kyle Chandler'),(468,'Corey Stoll'),(469,'Pablo Schreiber'),(470,'John Boyega'),(471,'Scott Eastwood'),(472,'Cailee Spaeny'),(473,'Burn Gorman'),(474,'Rinko Kikuchi'),(475,'Charlie Day'),(476,'Ashton Kutcher'),(477,'Dermot Mulroney'),(478,'Josh Gad'),(479,'Lukas Haas'),(480,'Matthew Modine'),(481,'J.K. Simmons'),(482,'Noah Wyle'),(483,'Anthony Michael Hall'),(484,'Joey Slotnick'),(485,'J.G. Hertzler'),(486,'Josh Hopkins'),(487,'Wayne Pére'),(488,'Jesse Eisenberg'),(489,'Andrew Garfield'),(490,'Justin Timberlake'),(491,'Armie Hammer'),(492,'Max Minghella'),(493,'Rashida Jones'),(494,'Ryan Phillippe'),(495,'Rachael Leigh Cook'),(496,'Claire Forlani'),(497,'Tim Robbins'),(498,'Tygh Runyan'),(499,'Ned Bellamy'),(500,'Anna Kendrick'),(501,'Daniel Dae Kim'),(502,'Shamier Anderson'),(503,'Toni Collette'),(504,'Yuri Solovey'),(505,'Elizabeth Weinstein'),(506,'Charlie Sheen'),(507,'Jon Cryer'),(508,'Angus T. Jones'),(509,'Conchata Ferrell'),(510,'Holland Taylor'),(511,'Marin Hinkle'),(512,'Úrsula Corberó'),(513,'Álvaro Morte'),(514,'Itziar Ituño'),(515,'Pedro Alonso'),(516,'Miguel Herrán'),(517,'Jaime Lorente'),(518,'Winona Ryder'),(519,'David Harbour'),(520,'Finn Wolfhard'),(521,'Millie Bobby Brown'),(522,'Gaten Matarazzo'),(523,'Caleb McLaughlin'),(524,'Sandra Bullock'),(525,'George Clooney'),(526,'Ed Harris'),(527,'Orto Ignatiussen'),(528,'Phaldut Sharma'),(529,'Amy Warren'),(530,'Bill Skarsgård'),(531,'Jaeden Martell'),(532,'Sophia Lillis'),(533,'Finn Wolfhard'),(534,'Jack Dylan Grazer'),(535,'Jeremy Ray Taylor'),(536,'Tom Hanks'),(537,'Bill Paxton'),(538,'Kevin Bacon'),(539,'Gary Sinise'),(540,'Ed Harris'),(541,'Kathleen Quinlan'),(542,'Gregory Peck'),(543,'Lee Remick'),(544,'Harvey Stephens'),(545,'David Warner'),(546,'Billie Whitelaw'),(547,'Martin Benson'),(548,'Ellen Burstyn'),(549,'Max von Sydow'),(550,'Linda Blair'),(551,'Jason Miller'),(552,'Lee J. Cobb'),(553,'Kitty Winn'),(554,'Steve Carell'),(555,'Rainn Wilson'),(556,'John Krasinski'),(557,'Jenna Fischer'),(558,'Mindy Kaling'),(559,'B.J. Novak'),(560,'Theo James'),(561,'Stacy Martin'),(562,'Rhona Mitra'),(563,'Peter Ferdinando'),(564,'Lia Williams'),(565,'Richard Glover'),(566,'Omar Epps'),(567,'Kate Walsh'),(568,'Miranda Cosgrove'),(569,'Angus Macfadyen'),(570,'Jorja Fox'),(571,'Haaz Sleiman'),(572,'James McAvoy'),(573,'Jessica Chastain'),(574,'Bill Hader'),(575,'Isaiah Mustafa'),(576,'Jay Ryan'),(577,'James Ransone'),(578,'Chadwick Boseman'),(579,'Michael B. Jordan'),(580,'Lupita Nyong`o'),(581,'Danai Gurira'),(582,'Letitia Wright'),(583,'Winston Duke'),(584,'Matt Damon'),(585,'Christian Bale'),(586,'Jon Bernthal'),(587,'Caitriona Balfe'),(588,'Josh Lucas'),(589,'Noah Jupe'),(590,'Vincent Piazza'),(591,'Genesis Rodriguez'),(592,'Mavis Simpson-Ernst'),(593,'Anil Raman'),(594,'Erik Schrody'),(595,'Amy Claire'),(596,'Amy Manson'),(597,'Dominic Mafham'),(598,'Luke Allen-Gale'),(599,'Nina Bergman'),(600,'Lorina Kamburova'),(601,'Louis Mandylor'),(602,'Marion Cotillard'),(603,'Matt Damon'),(604,'Laurence Fishburne'),(605,'Jude Law'),(606,'Gwyneth Paltrow'),(607,'Kate Winslet'),(608,'Scarlett Johansson'),(609,'Florence Pugh'),(610,'David Harbour'),(611,'Rachel Weisz'),(612,'Ray Winstone'),(613,'O.T. Fagbenle'),(614,'Matt Damon'),(615,'Jessica Chastain'),(616,'Kristen Wiig'),(617,'Jeff Daniels'),(618,'Michael Peña'),(619,'Sean Bean'),(620,'Alicia Vikander'),(621,'Domhnall Gleeson'),(622,'Oscar Isaac'),(623,'Sonoya Mizuno'),(624,'Corey Johnson'),(625,'Deborah Rosan'),(626,'Chris Pratt'),(627,'Bryce Dallas Howard'),(628,'Irrfan Khan'),(629,'Vincent D`Onofrio'),(630,'Nick Robinson'),(631,'Ty Simpkins'),(632,'Will Smith'),(633,'Alice Braga'),(634,'Charlie Tahan'),(635,'Dash Mihok'),(636,'Salli Richardson'),(637,'Willow Smith'),(638,'Ryan Gosling'),(639,'Claire Foy'),(640,'Jason Clarke'),(641,'Kyle Chandler'),(642,'Corey Stoll'),(643,'Pablo Schreiber'),(644,'John Boyega'),(645,'Scott Eastwood'),(646,'Cailee Spaeny'),(647,'Burn Gorman'),(648,'Rinko Kikuchi'),(649,'Charlie Day'),(650,'Ashton Kutcher'),(651,'Dermot Mulroney'),(652,'Josh Gad'),(653,'Lukas Haas'),(654,'Matthew Modine'),(655,'J.K. Simmons'),(656,'Noah Wyle'),(657,'Anthony Michael Hall'),(658,'Joey Slotnick'),(659,'J.G. Hertzler'),(660,'Josh Hopkins'),(661,'Wayne Pére'),(662,'Jesse Eisenberg'),(663,'Andrew Garfield'),(664,'Justin Timberlake'),(665,'Armie Hammer'),(666,'Max Minghella'),(667,'Rashida Jones'),(668,'Ryan Phillippe'),(669,'Rachael Leigh Cook'),(670,'Claire Forlani'),(671,'Tim Robbins'),(672,'Tygh Runyan'),(673,'Ned Bellamy'),(674,'Anna Kendrick'),(675,'Daniel Dae Kim'),(676,'Shamier Anderson'),(677,'Toni Collette'),(678,'Yuri Solovey'),(679,'Elizabeth Weinstein'),(680,'Charlie Sheen'),(681,'Jon Cryer'),(682,'Angus T. Jones'),(683,'Conchata Ferrell'),(684,'Holland Taylor'),(685,'Marin Hinkle'),(686,'Úrsula Corberó'),(687,'Álvaro Morte'),(688,'Itziar Ituño'),(689,'Pedro Alonso'),(690,'Miguel Herrán'),(691,'Jaime Lorente'),(692,'Winona Ryder'),(693,'David Harbour'),(694,'Finn Wolfhard'),(695,'Millie Bobby Brown'),(696,'Gaten Matarazzo'),(697,'Caleb McLaughlin'),(698,'Sandra Bullock'),(699,'George Clooney'),(700,'Ed Harris'),(701,'Orto Ignatiussen'),(702,'Phaldut Sharma'),(703,'Amy Warren'),(704,'Bill Skarsgård'),(705,'Jaeden Martell'),(706,'Sophia Lillis'),(707,'Finn Wolfhard'),(708,'Jack Dylan Grazer'),(709,'Jeremy Ray Taylor'),(710,'Tom Hanks'),(711,'Bill Paxton'),(712,'Kevin Bacon'),(713,'Gary Sinise'),(714,'Ed Harris'),(715,'Kathleen Quinlan'),(716,'Gregory Peck'),(717,'Lee Remick'),(718,'Harvey Stephens'),(719,'David Warner'),(720,'Billie Whitelaw'),(721,'Martin Benson'),(722,'Ellen Burstyn'),(723,'Max von Sydow'),(724,'Linda Blair'),(725,'Jason Miller'),(726,'Lee J. Cobb'),(727,'Kitty Winn'),(728,'Steve Carell'),(729,'Rainn Wilson'),(730,'John Krasinski'),(731,'Jenna Fischer'),(732,'Mindy Kaling'),(733,'B.J. Novak'),(734,'Theo James'),(735,'Theo James'),(736,'Stacy Martin'),(737,'Rhona Mitra'),(738,'Peter Ferdinando'),(739,'Lia Williams'),(740,'Richard Glover'),(741,'Omar Epps'),(742,'Kate Walsh'),(743,'Miranda Cosgrove'),(744,'Angus Macfadyen'),(745,'Jorja Fox'),(746,'Haaz Sleiman'),(747,'James McAvoy'),(748,'Jessica Chastain'),(749,'Bill Hader'),(750,'Isaiah Mustafa'),(751,'Jay Ryan'),(752,'James Ransone'),(753,'Chadwick Boseman'),(754,'Michael B. Jordan'),(755,'Lupita Nyong`o'),(756,'Danai Gurira'),(757,'Letitia Wright'),(758,'Winston Duke'),(759,'Matt Damon'),(760,'Christian Bale'),(761,'Jon Bernthal'),(762,'Caitriona Balfe'),(763,'Josh Lucas'),(764,'Noah Jupe'),(765,'Vincent Piazza'),(766,'Genesis Rodriguez'),(767,'Mavis Simpson-Ernst'),(768,'Anil Raman'),(769,'Erik Schrody'),(770,'Amy Claire'),(771,'Amy Manson'),(772,'Dominic Mafham'),(773,'Luke Allen-Gale'),(774,'Nina Bergman'),(775,'Lorina Kamburova'),(776,'Louis Mandylor'),(777,'Marion Cotillard'),(778,'Matt Damon'),(779,'Laurence Fishburne'),(780,'Jude Law'),(781,'Gwyneth Paltrow'),(782,'Kate Winslet'),(783,'Scarlett Johansson'),(784,'Florence Pugh'),(785,'David Harbour'),(786,'Rachel Weisz'),(787,'Ray Winstone'),(788,'O.T. Fagbenle'),(789,'Matt Damon'),(790,'Jessica Chastain'),(791,'Kristen Wiig'),(792,'Jeff Daniels'),(793,'Michael Peña'),(794,'Sean Bean'),(795,'Alicia Vikander'),(796,'Domhnall Gleeson'),(797,'Oscar Isaac'),(798,'Sonoya Mizuno'),(799,'Corey Johnson'),(800,'Deborah Rosan'),(801,'Chris Pratt'),(802,'Bryce Dallas Howard'),(803,'Irrfan Khan'),(804,'Vincent D`Onofrio'),(805,'Nick Robinson'),(806,'Ty Simpkins'),(807,'Will Smith'),(808,'Alice Braga'),(809,'Charlie Tahan'),(810,'Dash Mihok'),(811,'Salli Richardson'),(812,'Willow Smith'),(813,'Ryan Gosling'),(814,'Claire Foy'),(815,'Jason Clarke'),(816,'Kyle Chandler'),(817,'Corey Stoll'),(818,'Pablo Schreiber'),(819,'John Boyega'),(820,'Scott Eastwood'),(821,'Cailee Spaeny'),(822,'Burn Gorman'),(823,'Rinko Kikuchi'),(824,'Charlie Day'),(825,'Ashton Kutcher'),(826,'Dermot Mulroney'),(827,'Josh Gad'),(828,'Lukas Haas'),(829,'Matthew Modine'),(830,'J.K. Simmons'),(831,'Noah Wyle'),(832,'Anthony Michael Hall'),(833,'Joey Slotnick'),(834,'J.G. Hertzler'),(835,'Josh Hopkins'),(836,'Wayne Pére'),(837,'Jesse Eisenberg'),(838,'Andrew Garfield'),(839,'Justin Timberlake'),(840,'Armie Hammer'),(841,'Max Minghella'),(842,'Rashida Jones'),(843,'Ryan Phillippe'),(844,'Rachael Leigh Cook'),(845,'Claire Forlani'),(846,'Tim Robbins'),(847,'Tygh Runyan'),(848,'Ned Bellamy'),(849,'Anna Kendrick'),(850,'Daniel Dae Kim'),(851,'Shamier Anderson'),(852,'Toni Collette'),(853,'Yuri Solovey'),(854,'Elizabeth Weinstein'),(855,'Charlie Sheen'),(856,'Jon Cryer'),(857,'Angus T. Jones'),(858,'Conchata Ferrell'),(859,'Holland Taylor'),(860,'Marin Hinkle'),(861,'Úrsula Corberó'),(862,'Álvaro Morte'),(863,'Itziar Ituño'),(864,'Pedro Alonso'),(865,'Miguel Herrán'),(866,'Jaime Lorente'),(867,'Winona Ryder'),(868,'David Harbour'),(869,'Finn Wolfhard'),(870,'Millie Bobby Brown'),(871,'Gaten Matarazzo'),(872,'Caleb McLaughlin'),(873,'Sandra Bullock'),(874,'George Clooney'),(875,'Ed Harris'),(876,'Orto Ignatiussen'),(877,'Phaldut Sharma'),(878,'Amy Warren'),(879,'Bill Skarsgård'),(880,'Jaeden Martell'),(881,'Sophia Lillis'),(882,'Finn Wolfhard'),(883,'Jack Dylan Grazer'),(884,'Jeremy Ray Taylor'),(885,'Tom Hanks'),(886,'Bill Paxton'),(887,'Kevin Bacon'),(888,'Gary Sinise'),(889,'Ed Harris'),(890,'Kathleen Quinlan'),(891,'Gregory Peck'),(892,'Lee Remick'),(893,'Harvey Stephens'),(894,'David Warner'),(895,'Billie Whitelaw'),(896,'Martin Benson'),(897,'Ellen Burstyn'),(898,'Max von Sydow'),(899,'Linda Blair'),(900,'Jason Miller'),(901,'Lee J. Cobb'),(902,'Kitty Winn'),(903,'Steve Carell'),(904,'Rainn Wilson'),(905,'John Krasinski'),(906,'Jenna Fischer'),(907,'Mindy Kaling'),(908,'B.J. Novak'),(909,'Freddie Highmore'),(910,'Antonia Thomas'),(911,'Hill Harper'),(912,'Richard Schiff'),(913,'Paige Spara'),(914,'Nicholas Gonzalez'),(915,'Eddie Redmayne'),(916,'Felicity Jones'),(917,'Charlie Cox'),(918,'David Thewlis'),(919,'Emily Watson'),(920,'Simon McBurney'),(921,'Benedict Cumberbatch'),(922,'Keira Knightley'),(923,'Matthew Goode'),(924,'Mark Strong'),(925,'Charles Dance'),(926,'Tom Hollander'),(927,'Taraji P. Henson'),(928,'Octavia Spencer'),(929,'Janelle Monáe'),(930,'Kevin Costner'),(931,'Kirsten Dunst'),(932,'Aldis Hodge'),(933,'Russell Crowe'),(934,'Ed Harris'),(935,'Jennifer Connelly'),(936,'Chris Pratt'),(937,'Laurence Fishburne'),(938,'Michael Sheen'),(939,'Jennifer Lawrence'),(940,'Chris Pratt'),(941,'Michael Sheen'),(942,'Lauren S. Hutton'),(943,'Jessica Chastain'),(944,'Javier Bardem'),(945,'Ben Affleck'),(946,'Alan Arkin'),(947,'John Goodman'),(948,'Bryan Cranston'),(949,'Victor Garber'),(950,'Zach Galifianakis'),(951,'Charlize Theron'),(952,'Michael Fassbender'),(953,'Idris Elba'),(954,'Noomi Rapace'),(955,'Guy Pearce'),(956,'Charlize Theron'),(957,'Jake Gyllenhaal'),(958,'Ryan Reynolds'),(959,'Rebecca Ferguson'),(960,'Jay Ellis'),(961,'Ariyon Bakare'),(962,'Hiroyuki Sanada'),(963,'Rosamund Pike'),(964,'Marion Cotillard'),(965,'Sophie Turner'),(966,'Niels Arestrup'),(967,'Vincent Cassel'),(968,'Paul Dano'),(969,'Emilia Clarke'),(970,'Caitriona Balfe'),(971,'Jason Momoa'),(972,'Javier Bardem'),(973,'Patrick Stewart'),(974,'Jackie Weaver'),(975,'Chris Hemsworth'),(976,'Dwayne Johnson'),(977,'Kevin Hart'),(978,'Jack Black'),(979,'Karen Gillan'),(980,'Nick Jonas'),(981,'Matthew McConaughey'),(982,'Christian Bale'),(983,'Benicio del Toro'),(984,'Jean Reno'),(985,'Zoe Saldana'),(986,'Mark Ruffalo'),(987,'Ethan Hawke'),(988,'Dwayne Johnson'),(989,'Ben Affleck'),(990,'Sienna Miller'),(991,'Anna Kendrick'),(992,'William H. Macy'),(993,'Javier Bardem'),(994,'Penélope Cruz'),(995,'Roberto Álamo'),(996,'Carlos Areces'),(997,'Antonio de la Torre'),(998,'Raúl Arévalo'),(999,'Kate Winslet'),(1000,'Evan Peters'),(1001,'Jean Smart'),(1002,'Angourie Rice'),(1003,'Guy Pearce'),(1004,'Mare of Easttown'),(1005,'Jamie Foxx'),(1006,'Ray Charles'),(1007,'Regina King'),(1008,'Carmen Ejogo'),(1009,'Lennie James'),(1010,'Clifton Powell'),(1011,'Jodie Whittaker'),(1012,'Matt Smith'),(1013,'Gillian Anderson'),(1014,'Mackenzie Davis'),(1015,'Toby Jones'),(1016,'Nisha Nayar'),(1017,'Simona Brown'),(1018,'Tom Bateman'),(1019,'Eva Green'),(1020,'David Morrissey'),(1021,'Nicola Walker'),(1022,'Peter Campion'),(1023,'Joaquin Phoenix'),(1024,'Scarlett Johansson'),(1025,'Amy Adams'),(1026,'Rooney Mara'),(1027,'Olivia Wilde'),(1028,'Chris Pratt'),(1029,'Tom Cruise'),(1030,'Simon Pegg'),(1031,'Rebecca Ferguson'),(1032,'Ving Rhames'),(1033,'Jeremy Renner'),(1034,'Peter Stormare'),(1035,'Dwayne Johnson'),(1036,'Kevin Hart'),(1037,'Jack Black'),(1038,'Karen Gillan'),(1039,'Nick Jonas'),(1040,'Rhys Darby'),(1041,'Dwayne Johnson'),(1042,'Kevin Hart'),(1043,'Jack Black'),(1044,'Karen Gillan'),(1045,'Danny DeVito'),(1046,'Mindy Kaling'),(1047,'Ben Affleck'),(1048,'Anna Kendrick'),(1049,'Justin Timberlake'),(1050,'Kaitlyn Maher'),(1051,'Wanda Sykes'),(1052,'Albert Brooks'),(1053,'Gael García Bernal'),(1054,'Luis Tosar'),(1055,'Manuel Martín'),(1056,'José Luis Gómez'),(1057,'Enrique Villén'),(1058,'Mónica García'),(1059,'Ben Stiller'),(1060,'Robin Williams'),(1061,'Ricky Gervais'),(1062,'Owen Wilson'),(1063,'Mickey Rooney'),(1064,'Steve Coogan'),(1065,'Rami Malek'),(1066,'Lucy Boynton'),(1067,'Gwilym Lee'),(1068,'Ben Hardy'),(1069,'Joseph Mazzello'),(1070,'Aidan Gillen'),(1071,'Tom Cruise'),(1072,'Alec Baldwin'),(1073,'Julianne Hough'),(1074,'Catherine Zeta-Jones'),(1075,'Russell Brand'),(1076,'Paul Giamatti'),(1077,'Kyle Chandler'),(1078,'Elle Fanning'),(1079,'Amanda Michalka'),(1080,'Gabrielle Union'),(1081,'Teri Hatcher'),(1082,'Vera Farmiga'),(1083,'Chris Pratt'),(1084,'Bryce Dallas Howard'),(1085,'Rafe Spall'),(1086,'Toby Jones'),(1087,'BD Wong'),(1088,'Ted Levine'),(1089,'Harrison Ford'),(1090,'Shia LaBeouf'),(1091,'Cate Blanchett'),(1092,'John Hurt'),(1093,'Ray Winstone'),(1094,'Jim Broadbent'),(1095,'Sean Astin'),(1096,'Josh Brolin'),(1097,'Corey Feldman'),(1098,'Jonathan Ke Quan'),(1099,'Kerri Green'),(1100,'Martha Plimpton'),(1101,'Owen Wilson'),(1102,'Larry the Cable Guy'),(1103,'Bonnie Hunt'),(1104,'Paul Newman'),(1105,'Cheech Marin'),(1106,'Michael Wallis'),(1107,'Tom McGrath'),(1108,'Ben Stiller'),(1109,'Chris Miller'),(1110,'John Malkovich'),(1111,'Benedict Cumberbatch'),(1112,'Ken Jeong'),(1113,'Jason Clarke'),(1114,'Amy Seimetz'),(1115,'John Lithgow'),(1116,'Hugo Weaving'),(1117,'Jeté Laurence'),(1118,'Michael C. Hall'),(1119,'Sam Rockwell'),(1120,'Rosemarie DeWitt'),(1121,'Jared Harris'),(1122,'Kyle Chandler'),(1123,'Tangie Ambrose'),(1124,'Becky Ann Baker'),(1125,'Tom Hanks'),(1126,'Audrey Tautou'),(1127,'Jean Reno'),(1128,'Paul Bettany'),(1129,'Ian McKellen'),(1130,'Alfred Molina'),(1131,'Rowan Atkinson'),(1132,'John Malkovich'),(1133,'Natalie Imbruglia'),(1134,'Ben Miller'),(1135,'Gillian Anderson'),(1136,'Stephen Fry'),(1137,'Patrick Fugit'),(1138,'Kate Hudson'),(1139,'Billy Crudup'),(1140,'Frances McDormand'),(1141,'Jason Lee'),(1142,'Anna Paquin'),(1143,'Jack Black'),(1144,'Joan Cusack'),(1145,'Mike White'),(1146,'Sarah Silverman'),(1147,'Maggie Gyllenhaal'),(1148,'Reba McEntire'),(1149,'Macaulay Culkin'),(1150,'Joe Pesci'),(1151,'Daniel Stern'),(1152,'John Candy'),(1153,'Catherine O\'Hara'),(1154,'Kathy Najimy'),(1155,'Ed Helms'),(1156,'Jason Sudeikis'),(1157,'Christina Applegate'),(1158,'Charlie Day'),(1159,'Jennifer Aniston'),(1160,'T.J. Miller'),(1161,'Ben Rappaport'),(1162,'Andy Berman'),(1163,'Parvesh Cheena'),(1164,'Rebecca Hazlewood'),(1165,'Pooch Hall'),(1166,'Samantha Bee'),(1167,'Anjelica Huston'),(1168,'Raúl Juliá'),(1169,'Christopher Lloyd'),(1170,'Jim Adams'),(1171,'Judith Malina'),(1172,'Carol Kane'),(1173,'Joaquin Phoenix'),(1174,'Robert De Niro'),(1175,'Zazie Beetz'),(1176,'Frances Conroy'),(1177,'Brett Cullen'),(1178,'Douglas Hodge');
/*!40000 ALTER TABLE `actores` ENABLE KEYS */;
UNLOCK TABLES;

--
-- Table structure for table `categoria`
--

DROP TABLE IF EXISTS `categoria`;
/*!40101 SET @saved_cs_client     = @@character_set_client */;
/*!50503 SET character_set_client = utf8mb4 */;
CREATE TABLE `categoria` (
  `id_categoria` int NOT NULL AUTO_INCREMENT,
  `nombre_categoria` char(20) NOT NULL,
  PRIMARY KEY (`id_categoria`)
) ENGINE=InnoDB AUTO_INCREMENT=3 DEFAULT CHARSET=utf8mb4 COLLATE=utf8mb4_0900_ai_ci;
/*!40101 SET character_set_client = @saved_cs_client */;

--
-- Dumping data for table `categoria`
--

LOCK TABLES `categoria` WRITE;
/*!40000 ALTER TABLE `categoria` DISABLE KEYS */;
INSERT INTO `categoria` VALUES (1,'Pelicula'),(2,'Serie');
/*!40000 ALTER TABLE `categoria` ENABLE KEYS */;
UNLOCK TABLES;

--
-- Table structure for table `contenido`
--

DROP TABLE IF EXISTS `contenido`;
/*!40101 SET @saved_cs_client     = @@character_set_client */;
/*!50503 SET character_set_client = utf8mb4 */;
CREATE TABLE `contenido` (
  `id_contenido` int NOT NULL AUTO_INCREMENT,
  `poster` varchar(255) NOT NULL,
  `titulo` varchar(255) NOT NULL,
  `categoria` int DEFAULT NULL,
  `genero` int DEFAULT NULL,
  `resumen` text NOT NULL,
  `temporadas` int DEFAULT NULL,
  `duracion` int DEFAULT NULL,
  `trailer` varchar(255) NOT NULL,
  `createdAt` datetime NOT NULL DEFAULT CURRENT_TIMESTAMP,
  `updatedAt` datetime NOT NULL DEFAULT CURRENT_TIMESTAMP,
  PRIMARY KEY (`id_contenido`),
  KEY `categoria` (`categoria`),
  KEY `genero` (`genero`),
  CONSTRAINT `contenido_ibfk_1` FOREIGN KEY (`categoria`) REFERENCES `categoria` (`id_categoria`),
  CONSTRAINT `contenido_ibfk_2` FOREIGN KEY (`genero`) REFERENCES `genero` (`id_genero`)
) ENGINE=InnoDB AUTO_INCREMENT=103 DEFAULT CHARSET=utf8mb4 COLLATE=utf8mb4_0900_ai_ci;
/*!40101 SET character_set_client = @saved_cs_client */;

--
-- Dumping data for table `contenido`
--

LOCK TABLES `contenido` WRITE;
/*!40000 ALTER TABLE `contenido` DISABLE KEYS */;
INSERT INTO `contenido` VALUES (1,'./posters/3.jpg','The Mandalorian',2,1,'Ambientada tras la caída del Imperio y antes de la aparición de la Primera Orden, la Serie sigue los pasos de un pistolero solitario en las aventuras que protagoniza en los confines de la galaxia, donde no alcanza la autoridad de la Nueva República.',2,NULL,'https://www.youtube.com/embed/aOC8E8z_ifw','2024-10-22 11:41:45','2024-10-22 11:41:45'),(2,'./posters/7.jpg','Guasón',1,3,'Arthur Fleck (Phoenix) es un hombre ignorado por la sociedad, cuya motivación en la vida es hacer reír. Pero una Serie de trágicos acontecimientos le llevarán a ver el mundo de otra forma. Película basada en el popular personaje de DC Comics Joker, conocido como archivillano de Batman, pero que en este film tomará un cariz más realista y oscuro.',NULL,121,'https://www.youtube.com/embed/zAGVQLHvwOY','2024-10-23 21:29:30','2024-10-23 21:29:30'),(3,'./posters/4.jpg','The Umbrella Academy',2,1,'La muerte de su padre reúne a unos hermanos distanciados y con extraordinarios poderes que descubren impactantes secretos y una amenaza que se cierne sobre la humanidad.',1,NULL,'https://www.youtube.com/embed/KHucKOK-Vik','2024-10-23 18:42:25','2024-10-23 18:42:25'),(4,'./posters/5.jpg','Gambito de Dama',1,2,'En los cincuenta, una joven de un orfanato descubre que tiene un increíble don para el ajedrez y recorre el arduo camino a la fama mientras lucha contra las adicciones.',1,NULL,'https://www.youtube.com/embed/lbleRbyGKL4','2024-10-23 19:27:12','2024-10-23 19:27:12'),(5,'./posters/2.jpg','Riverdale',2,2,'El paso a la edad adulta incluye sexo, romance, escuela y familia. Para Archie y sus amigos, también hay misterios oscuros.',5,90,'https://www.youtube.com/embed/HxtLlByaYTc','2024-10-23 22:45:49','2024-10-23 22:45:49'),(6,'./posters/1.jpg','The Crown',2,6,'Este drama narra las rivalidades políticas y el romance de la reina Isabel II, así como los sucesos que moldearon la segunda mitad del siglo XX.',4,NULL,'https://www.youtube.com/embed/JWtnJjn6ng0','2024-10-23 19:56:49','2024-10-23 19:56:49'),(7,'./posters/6.jpg','Enola Holmes',1,2,'La hermana menor de Sherlock, descubre que su madre ha desaparecido y se dispone a encontrarla. En su búsqueda, saca a relucir el sabueso que corre por sus venas y se encuentra con una conspiración que gira en torno a un misterioso lord, demostrando que su ilustre hermano no es el único talento en la familia.',NULL,97,'https://www.youtube.com/embed/3t1g2pa355k','2024-10-23 20:04:24','2024-10-23 20:04:24'),(12,'./posters/8.jpg','Avengers: End Game',1,1,'Después de los devastadores eventos de los Vengadores: Infinity War (2018), el universo está en ruinas. Con la ayuda de los aliados restantes, los Vengadores se reúnen una vez más para revertir las acciones de Thanos y restaurar el equilibrio del universo.',NULL,97,'https://www.youtube.com/embed/TcMBFSGVi1c','2024-10-28 11:03:02','2024-10-28 11:03:02'),(13,'./posters/9.jpg','Juego de tronos',2,7,'En un mundo fantástico y en un contexto medieval varias familias, relativas a la nobleza, se disputan el poder para dominar el territorio ficticio de Poniente (Westeros) y tomar el control de los Siete Reinos desde el Trono de Hierro, lugar donde el rey ejerce el poder.',8,NULL,'https://www.youtube.com/embed/KPLWWIOCOOQ','2024-10-28 11:03:03','2024-10-28 11:03:03'),(14,'./posters/10.jpg','The Flash',2,1,'Sigue las veloces aventuras de Barry Allen, un joven común y corriente con el deseo latente de ayudar a los demás. Cuando una inesperada partícula aceleradora golpea por accidente a Barry, de pronto se encuentra cargado de un increíble poder para moverse a increíbles velocidades. Mientras Barry siempre ha tenido el alma de un héroe, sus nuevos poderes le han dado la capacidad de actuar como tal.',6,NULL,'https://www.youtube.com/embed/Yj0l7iGKh8g','2024-10-28 11:03:03','2024-10-28 11:03:03'),(15,'./posters/11.jpg','The Big Bang Theory',2,8,'Leonard y Sheldon son dos físicos que comparten trabajo y apartamento. La Serie comienza con la mudanza de Penny, su nueva y atractiva vecina, y hace hincapié en la dificultad de los físicos para relacionarse con personas fuera de su entorno para dar lugar a situaciones cómicas.',12,NULL,'https://www.youtube.com/embed/WBb3fojgW0Q','2024-10-28 11:03:03','2024-10-28 11:03:03'),(16,'./posters/12.jpg','Friends',2,8,'\'Friends\' narra las aventuras y desventuras de seis jóvenes de Nueva York: Rachel, Monica, Phoebe, Ross, Chandler y Joey. Ellos forman una unida pandilla de amigos que viven en Manhattan y que suelen reunirse en sus apartamentos o en su bar habitual cafetería, el Central Perk. A pesar de los numerosos cambios que se producen en sus vidas, su amistad es inquebrantable en la dura batalla por salir adelante en sus periplos profesionales y personales.',10,NULL,'https://www.youtube.com/embed/ekYGfU0XIx0','2024-10-28 11:03:03','2024-10-28 11:03:03'),(17,'./posters/13.jpg','Anne with an \'E\'',2,9,'Anne Shirley es una niña huérfana que vive en un pequeño pueblo llamado Avonlea que pertenece a la Isla del Príncipe Eduardo, en el año 1890. Después de una infancia difícil, donde fue pasando de orfanato a hogares de acogida, es enviada por error a vivir con una solterona y su hermano. Cuando cumple 13 años, Anne va a conseguir transformar su vida y el pequeño pueblo donde vive gracias a su fuerte personalidad, intelecto e imaginación. Basada en la inolvidable novela.',2,NULL,'https://www.youtube.com/embed/M4T-_aB8smU','2024-10-28 11:03:04','2024-10-28 11:03:04'),(18,'./posters/14.jpg','Expedientes Secretos \'X\'',2,1,'Fox Mulder y Dana Scully son dos investigadores del FBI que investigan casos sin resolución ni explicación, ya sea por razones paranormales (espíritus, criaturas extrañas, aliens...) ya porque el gobierno se ha encargado de ocultar todo tipo de pruebas. Cuando Mulder tenía doce años, su hermana pequeña fue secuestrada por unos desconocidos, aunque él cree que, en realidad, fue abducida por extraterrestres. Tras acabar sus estudios en la universidad de Oxford, ingresó en la Academia de Quantico, donde se ganó el apodo de \'siniestro\'',11,NULL,'https://www.youtube.com/embed/KKziOmsJxzE','2024-10-28 11:03:04','2024-10-28 11:03:04'),(19,'./posters/15.jpg','Chernobyl',2,6,'Sigue «la verdadera historia de una de las peores catástrofes provocadas por el hombre y habla de los valientes hombres y mujeres que se sacrificaron para salvar a Europa de un desastre inimaginable. La miniSerie se centra en el desgarrador alcance del desastre de la planta nuclear que ocurrió en Ucrania en abril de 1986, revelando cómo y por qué ocurrió, además contando las sorprendentes y notables historias de los héroes que lucharon y cayeron.',1,NULL,'https://www.youtube.com/embed/s9APLXM9Ei8','2024-10-28 11:03:04','2024-10-28 11:03:04'),(20,'./posters/16.jpg','Westworld',2,1,'\'Westworld\' es una oscura odisea acerca del amanecer de la conciencia artificial y la evolución del pecado. Situada en la intersección del futuro cercano y el pasado reimaginado, explora un mundo donde cada apetito humano, sin importar cuán noble o depravado, puede ser saciado. Está ambientada en un parque temático futurista dirigido por el Dr. Robert Ford (Anthony Hopkins). Las instalaciones cuentan con androides caracterizados del western americano, y gracias a ellos los visitantes pueden introducirse en cualquier tipo de fantasía por muy oscura que sea.',3,NULL,'https://www.youtube.com/embed/qLFBcdd6Qw0','2024-10-28 11:03:05','2024-10-28 11:03:05'),(21,'./posters/17.jpg','Halt and Catch Fire',2,1,'Situada en los inicios de la década de 1980, un visionario ficticio, un ingeniero electrónico y una prodigiosa ingeniera, se alían a una programadora de software para confrontar con las corporaciones informáticas dominantes de la época. El Personal de la firma y sus socios de negocio, comenzarán una carrera que cambiará la cultura en el Estado de Texas, cuna de las empresas de tecnología, casi de la misma forma que lo es hoy Silicon Valey. \n Esta historia ficticia emula el trabajo realizado, en su momento, por la firma Compaq, cuando clonó el BIOS de las Computadoras Personales IBM, dando vida así al económico mercado de los clones. Mostrando también, a lo largo de sus 4 temporadas, el nacimiento de la arquitectura abierta de hardware, los videojuegos online, las salas de chat y de trueque de productos físicos, los BBS, y las primeras nubes computacionales, hasta la llegada de Internet (sin dejar afuera la guerra de los web browsers).',4,NULL,'https://www.youtube.com/embed/pWrioRji60A','2024-10-28 11:03:05','2024-10-28 11:03:05'),(22,'./posters/18.jpg','Ava',1,1,'Ava es una mortífera asesina a sueldo que trabaja para una organización de operaciones encubiertas, que viaja por todo el mundo acabando con aquellos objetivos que nadie más puede derribar. Cuando uno de sus encargos sale mal, Ava tendrá que luchar por una vida.',NULL,97,'https://www.youtube.com/embed/eLEwNo78f0k','2024-10-28 11:03:05','2024-10-28 11:03:05'),(23,'./posters/19.jpg','Aves de presa (Harley Quinn)',1,1,'Después de separarse de Joker, Harley Quinn y otras tres heroínas (Canario Negro, Cazadora y Renée Montoya) unen sus fuerzas para salvar a una niña (Cassandra Cain) del malvado rey del crimen Máscara Negra.',NULL,97,'https://www.youtube.com/embed/saUmnenKbBM','2024-10-28 11:03:05','2024-10-28 11:03:05'),(24,'./posters/20.jpg','Archivo',1,1,'2038: George Almore está trabajando en una verdadera IA equivalente a la humana. Su último prototipo está casi listo. Esta fase sensible también es la más arriesgada. Especialmente porque tiene un objetivo que debe ocultarse a toda costa: reunirse con su esposa muerta.',NULL,97,'https://www.youtube.com/embed/VHSoCnDioAo','2024-10-28 11:03:05','2024-10-28 11:03:05'),(25,'./posters/22.jpg','3022',1,3,'La película está ambientada en una estación espacial en el futuro. La tripulación sufre un estrés traumático y considera abandonar su misión después de observar lo que creen que es la destrucción de la Tierra. La película se muestra como una Serie de flashbacks y flash-forward.',NULL,97,'https://www.youtube.com/embed/AGQ7OkmIx4Q','2024-10-28 11:03:05','2024-10-28 11:03:05'),(26,'./posters/23.jpg','IT - Capítulo 2',1,10,'En este segundo capitulo Han pasado 27 años desde que el \'Club de los Perdedores\', formado por Bill, Berverly, Richie, Ben, Eddie, Mike y Stanley, se enfrentaran al macabro y despiadado Pennywise (Bill Skarsgård). En cuanto tuvieron oportunidad, abandonaron el pueblo de Derry, en el estado de Maine, que tantos problemas les había ocasionado. Sin embargo, ahora, siendo adultos, parece que no pueden escapar de su pasado. Todos deberán enfrentarse de nuevo al temible payaso para descubrir si de verdad están preparados para superar sus traumas de la infancia.',NULL,97,'https://www.youtube.com/embed/hZeFeYSmBcg','2024-10-28 11:03:06','2024-10-30 23:07:20'),(27,'./posters/24.jpg','Pantera Negra',1,1,'T’Challa (Chadwick Boseman) regresa a su hogar en la apartada nación africana de Wakanda para servir como líder de su país. Tras suceder a su padre en el trono, pasa a convertirse en Pantera Negra, una sigilosa criatura de la noche, con agudos sentidos felinos y otras habilidades como súper fuerza e inteligencia, agilidad, estrategia o maestro del combate sin armas. Es bajo el liderazgo de T’Challa como Wakanda consigue convertirse en una de las naciones más ricas y tecnológicamente avanzadas del planeta.',NULL,97,'https://www.youtube.com/embed/BE6inv8Xh4A','2024-10-28 11:03:06','2024-10-28 11:03:06'),(28,'./posters/25.jpg','Contra lo imposible (Ford versus Ferrari)',1,6,'Los ganadores del Premio de la Academia® Matt Damon y Christian Bale protagonizan CONTRA LO IMPOSIBLE, basada en la historia real del visionario diseñador americano de automóviles Carroll Shelby (Damon) y el intrépido piloto británico Ken Miles (Bale). Juntos construyen un nuevo coche de carreras para Ford Motor Company y así enfrentar a Enzo Ferrari en las 24 Horas de Le Mans en Francia en 1966.',NULL,97,'https://www.youtube.com/embed/SOVb0-2g1Q0','2024-10-28 11:03:06','2024-10-28 11:03:06'),(29,'./posters/26.jpg','Centígrados',1,3,'Una joven pareja estadounidense viaja a las montañas árticas de Noruega. Después de detenerse durante una tormenta de nieve, se despiertan atrapados en su SUV, enterrados bajo capas de nieve y hielo.',NULL,97,'https://www.youtube.com/embed/0RvV7TNUlkQ','2024-10-28 11:03:06','2024-10-28 11:03:06'),(30,'./posters/27.jpg','DOOM: Aniquilación',1,11,'Doom: Aniquilación sigue a un grupo de marines espaciales que han respondido a una llamada de alerta de una base en la luna marciana, solo para descubrir que ha sido tomada por criaturas demoníacas que amenazan con desatar el infierno en la tierra.',NULL,97,'https://www.youtube.com/embed/nat3u3gAVLE','2024-10-28 11:03:06','2024-10-28 11:03:06'),(31,'./posters/28.jpg','Contagio',1,2,'De repente, sin saber cuál es su origen, aunque todo hace sospechar que comienza con el viaje de una norteamericana a un casino de Hong Kong, un virus mortal comienza a propagarse por todo el mundo. En pocos días, la enfermedad empieza a diezmar a la población. El contagio se produce por mero contacto entre los seres humanos. Un thriller realista y sin efectos especiales sobre los efectos de una epidemia.',NULL,97,'https://www.youtube.com/embed/4sYSyuuLk5g','2024-10-28 11:03:06','2024-10-28 11:03:06'),(32,'./posters/29.jpg','Viuda Negra',1,10,'Primera pelicula individual de la Viuda Negra en el universo cinematografico de Marvel, contando su historia desde que se inició como doble agente rusa, su niñez, sus misiones, y su actualidad, después de Avengers.',NULL,97,'https://www.youtube.com/embed/BIn8iANwEog','2024-10-28 11:03:06','2024-10-28 11:03:06'),(33,'./posters/30.jpg','The Martian',1,1,'Durante una misión a Marte de la nave tripulada Ares III, una fuerte tormenta se desata dando por desaparecido y muerto al astronauta Mark Watney (Matt Damon), sus compañeros toman la decisión de irse pero él ha sobrevivido. Está solo y sin apenas recursos en el planeta. Con muy pocos medios deberá recurrir a sus conocimientos, su sentido del humor y un gran instinto de supervivencia para lograr sobrevivir y comunicar a la Tierra que todavía está vivo esperando que acudan en su rescate.',NULL,97,'https://www.youtube.com/embed/XvB58bCVfng','2024-10-28 11:03:06','2024-10-28 11:03:06'),(34,'./posters/31.jpg','Ex-Machina',1,1,'Un programador multimillonario selecciona a Caleb, un joven empleado de su empresa, para que pase una semana en un lugar remoto con el objetivo de que participe en un test en el que estará involucrada su última creación: un robot-mujer en el que inteligencia artificial lo es todo.',NULL,97,'https://www.youtube.com/embed/XRYL5spvEcI','2024-10-28 11:03:07','2024-10-28 11:03:07'),(35,'./posters/32.jpg','Jurassic World',1,12,'Veintidós años después de lo ocurrido en Jurassic Park, la isla Nublar ha sido transformada en un enorme parque temático, Jurassic Wold, con versiones «domesticadas» de algunos de los dinosaurios más conocidos. Cuando todo parece ir sobre ruedas y ser el negocio del siglo, un nuevo dinosaurio de especie desconocida, pues ha sido creado manipulando genéticamente su ADN, y que resulta ser mucho más inteligente de lo que se pensaba, se escapa de su recinto y comienza a causar estragos entre los visitantes del Parque.',NULL,97,'https://www.youtube.com/embed/RFinNxS5KN4','2024-10-28 11:03:07','2024-10-28 11:03:07'),(36,'./posters/33.jpg','Soy leyenda',1,11,'Años después de que una plaga mate a la mayoría de la humanidad y transforme al resto en monstruos, el único superviviente en la ciudad de Nueva York lucha valientemente para encontrar una cura.',NULL,97,'https://www.youtube.com/embed/dtKMEAXyPkg','2024-10-28 11:03:07','2024-10-28 11:03:07'),(37,'./posters/34.jpg','El primer hombre en la luna',1,6,'Cuenta la historia de la misión de la NASA que llevó al primer hombre a la luna, centrada en Neil Armstrong (interpretado por Ryan Gosling) y el periodo comprendido entre los años 1961 y 1969. Un relato en primera persona, basado en la novela de James R. Hansen, que explora el sacrificio y el precio que representó, tanto para Armstrong como para Estados Unidos, una de las misiones más peligrosas de la historia.',NULL,97,'https://www.youtube.com/embed/PSoRx87OO6k','2024-10-28 11:03:07','2024-10-28 11:03:07'),(38,'./posters/35.jpg','Titanes del pacífico - La insurrección',1,1,'Han pasado 10 años tras la primera invasión que sufrió la humanidad, pero la lucha aún no ha terminado. El planeta vuelve a ser asediado por los Kaiju, una raza de alienígenas colosales, que emergen desde un portal interdimensional con el objetivo de destruir a la raza humana. Ante esta nueva amenaza, los Jaegers, robots gigantes de guerra pilotados por dos personas para sobrellevar la inmensa carga neuronal que conlleva manipularlos, ya no están a la altura de lo que se les viene encima. Será entonces cuando los supervivientes de la primera invasión, además de nuevos personajes como el hijo de Pentecost, tendrán que idear la manera de sorprender al enorme enemigo, apostando por nuevas estrategias defensivas y de ataque. Con la Tierra en ruinas e intentando reconstruirse, esta nueva batalla puede ser decisiva para el futuro.',NULL,97,'https://www.youtube.com/embed/_EhiLLOhVis','2024-10-28 11:03:07','2024-10-28 11:03:07'),(39,'./posters/36.jpg','JOBS: La Vida De Steve Jobs',1,6,'Sólo hace falta una persona para empezar una revolución. Jobs es la extraordinaria historia de Steve Jobs, el original innovador y emprendedor que no dejó que nada se interpusiera en su camino hacia la grandeza. La película cuenta la épica y turbulenta historia de Jobs mientras abría un camino que cambió la tecnología - y el mundo - para siempre. Su vida es repasada desde que era adolescente, intentando estudiar en la universidad, hasta el año 2001, cuando el iPod fue presentado al mundo y comenzó a \'allanar\' el camino para lo que años después, sería el iPhone.',NULL,104,'https://www.youtube.com/embed/FrvkCS0ZGPU','2024-10-28 11:03:07','2024-10-28 11:03:07'),(40,'./posters/37.jpg','Piratas de Silicon Valey',1,6,'Esta película es el documental semigracioso sobre los hombres que hicieron el mundo de la tecnología lo que es hoy, sus luchas durante el colegio, la fundación de sus compañías y las acciones ingeniosas que tomaron para aumentar los Imperios corporativos globales de Apple Computer Inc. y Microsoft Corporation.',NULL,104,'https://www.youtube.com/embed/lEyrivrjAuU','2024-10-28 11:03:08','2024-10-28 11:03:08'),(41,'./posters/38.jpg','Red Social',1,6,'En una noche de otoño de 2003, el genio de la programación de computación de la Universidad de Harvard Mark Zuckerberg se sienta en su computadora y acaloradamente comienza a trabajar en una nueva idea. En una furia de los blogs y la programación, lo que comienza en su dormitorio como un pequeño sitio entre amigos pronto se convierte en una red social global y una revolución en la comunicación. A sólo seis años y 500 millones de amigos más tarde, Mark Zuckerberg es el multimillonario más joven de la historia ... pero para este empresario, el éxito conduce a complicaciones tanto personales como legales.',NULL,116,'https://www.youtube.com/embed/lB95KLmpLR4','2024-10-28 11:03:08','2024-10-28 11:03:08'),(42,'./posters/39.jpg','Antitrust',1,10,'Milo Hoffman es un joven informático increíblemente prometedor para su edad que rápidamente es contratado por una importante empresa de Sillicon Valley. El empleo de sus sueños se ha hecho realidad, ya que ahí puede trabajar con los ordenadores más potentes del mundo y con las últimas tecnologías que aún no han salido al mercado. El Paraíso de un informático. Su jefe, Gary Winston , es un poderoso pez gordo de la industria que en un principio parece un tipo íntegro y legal. Pero pronto descubrirá que fisgar en sus archivos secretos no es la mejor idea si uno quiere conservar su trabajo... y su vida.',NULL,110,'https://www.youtube.com/embed/k3TwIJjyjPM','2024-10-28 11:03:08','2024-10-28 11:03:08'),(43,'./posters/40.jpg','Stowaway',1,1,'Una misión al planeta Marte. Dos años de duración. De repente, los tres tripulantes afectados a esta labor deben tomar una decisión imposible cuando un pasajero imprevisto compromete la vida de todos a bordo. No hay vuelta atrás. La decisión deberá tomarse contemplando la vida de los, ahora, cuatro pasajeros aún cuando la supervivecnaia tenga que acarrear algún sacrificio.',NULL,118,'https://www.youtube.com/embed/A_apvQkWsVY','2024-10-28 11:03:08','2024-10-28 11:03:08'),(44,'./posters/41.jpg','Liga de la Justicia - Zack Snyder',1,10,'Decidido a asegurarse de que el sacrificio final de Superman no fue en vano, Bruce Wayne alinea fuerzas con Diana Prince con planes para reclutar un equipo de metahumanos para proteger al mundo de una amenaza de proporciones catastróficas que se aproxima. En esta fascinante entrega, no apta para niños, verás cómo se conforma la Liga de la Justicia, uniendo a los principales superhéroes conocidos como Metahumanos.',NULL,242,'https://www.youtube.com/embed/BUb_-RxsoBs','2024-10-28 11:03:08','2024-10-28 11:03:08'),(45,'./posters/42.jpg','Two and a half men',2,8,'Un quiropráctico y padre soltero, Alan Harper, vive en una casa al frente de la playa con su hijo mediocre, Jake, y un billonario de la Internet divorciado Walden Schmidt, que se muda con la familia de los Harper y ofrece comprar la casa luego de la muerte inesperada del hermano de Alan, Charlie, que era el propietario de la casa en la que vivía con Alan y Jake, luego de que padre e hijo se mudaran después del divorcio de Alan. La exesposa de Alan y madre de Jake, Judith, permanece en sus vidas.',12,NULL,'https://www.youtube.com/embed/mVHDanSl2pc','2024-10-28 11:03:08','2024-10-28 11:03:08'),(46,'./posters/43.jpg','La casa de Papel',2,10,'Ocho ladrones toman rehenes en la Fábrica Nacional de Moneda y Timbre de España, mientras el líder de la banda manipula a la policía para cumplir con su plan.',4,NULL,'https://www.youtube.com/embed/w1jkStuRQU8','2024-10-28 11:03:09','2024-10-28 11:03:09'),(47,'./posters/44.jpg','Stranger Things',2,3,'Pasan cosas muy extrañas en Hawkins, Indiana, tras una desaparición que revela la presencia de una niña con poderes sobrenaturales. Después de la extraña desaparición de un niño, un pueblo se encuentra ante un misterio que revela experimentos secretos, fuerzas sobrenaturales.',4,NULL,'https://www.youtube.com/embed/b9EkMc79ZSU','2024-10-28 11:03:09','2024-10-28 11:03:09'),(48,'./posters/45.jpg','Gravity',1,3,'Durante un paseo espacial rutinario, dos astronautas sufren un grave accidente y quedan flotando en el espacio. Una es la doctora Ryan Stone, una brillante ingeniera en su primera misión espacial en la Shuttle. Su acompañante es el veterano astronauta Matt Kowalsky. Durante el paseo algo sale mal y ocurre el desastre: el shuttle queda destrozado, dejando a Ryan y Matt completamente solos, momento a partir del cual intentarán por todos los medios volver a la Tierra.',NULL,93,'https://www.youtube.com/embed/OiTiKOy59o4','2024-10-28 11:04:08','2024-10-28 11:04:08'),(49,'./posters/49.jpg','It (eso)',1,11,'Remake del clásico de Stephen King, y de la película homónima de 1990, en el que un payaso aterroriza a los niños de un vecindario. En un pequeño pueblo de Maine, siete niños conocidos como el Club de los Perdedores se encuentran cara a cara con problemas de la vida, matones y un monstruo que toma la forma de un payaso llamado Pennywise..',NULL,135,'https://www.youtube.com/embed/FnCdOQsX5kc','2024-10-28 11:07:26','2024-10-28 11:07:26'),(50,'./posters/46.jpg','Apollo 13',1,6,'El Apolo 13 inicia su viaje a la luna en abril de 1970. Cuando la tripulación está a punto de llegar a su destino, una explosión en el espacio les hace perder oxígeno, energía y el curso de la nave... Todo se convierte en una situación desesperada para los tres hombres tripulantes, especialmente cuando el oxígeno amenaza con agotarse. Mientras, el mundo entero, que apenas un año antes conoció la gloria de la aventura espacial cuando el hombre pisó la luna, contiene la respiración a la espera de ver cómo acaba tan angustiosa espera.',NULL,140,'https://www.youtube.com/embed/e3ZtOS4MCkk','2024-10-28 11:07:27','2024-10-28 11:07:27'),(51,'./posters/47.jpg','La profecía',1,11,'Incapaz de decirle a su mujer Katherine la trágica muerte de su hijo recién nacido, el diplomático americano Robert Thorn acepta un huérfano como su hijo. Los detalles del nacimiento del chico son un secreto, pero cuando Damien va creciendo, empieza a dar muestras de que no es un chico corriente.',NULL,110,'https://www.youtube.com/embed/8L-1Qk_MQQs','2024-10-28 11:07:27','2024-10-28 11:07:27'),(52,'./posters/48.jpg','El exorcista',1,11,'Regan es una niña de doce años víctima de fenómenos paranormales como la levitación o la manifestación de una fuerza sobrehumana. Su madre, aterrorizada, tras someter a su hija a múltiples análisis médicos que no ofrecen ningún resultado, acude a un sacerdote con estudios de psiquiatría. Éste está convencido de que el mal no es físico sino espiritual, es decir, que la niña es víctima de una posesión diabólica. Por eso, con la ayuda de otro sacerdote decide practicar un exorcismo.',NULL,122,'https://www.youtube.com/embed/YDGw1MTEe9k','2024-10-28 11:07:28','2024-10-28 11:07:28'),(53,'./posters/50.jpg','The Office',2,8,'Steve Carell protagoniza The Office, un fresco y divertido vistazo, con formato pseudo-documental, al día a día en la vida de unos excéntricos trabajadores de la empresa Dunder Mifflin. El serio pero despistadísimo director Michael Scott se considera un magnífico jefe y mentor, pero realmente inspira más críticas que respeto a sus empleados.',9,NULL,'https://www.youtube.com/embed/LHOtME2DL4g','2024-10-28 11:07:28','2024-10-28 11:07:28'),(54,'./posters/51.jpg','The Good Doctor',2,2,'Un cirujano joven y autista que padece el síndrome del sabio empieza a trabajar en un hospital prestigioso. Allá tendrá que vencer el escepticismo con el que sus colegas lo reciben.',4,NULL,'https://www.youtube.com/embed/fYlZDTru55g','2024-10-28 11:07:28','2024-10-28 11:07:28'),(55,'./posters/52.jpg','La teoría del todo',1,2,'La película gira en torno a la vida de Stephen Hawking, el importante teórico y divulgador científico que cambió la historia de la ciencia y la tecnología moderna para siempre. La película se centrará en la relación que mantuvo el británico con Jane Wilde, su primera mujer, con quien contrajo matrimonio después de que le diagnosticaran una enfermedad por la que no le quedaban más de dos años de vida. Estupenda adaptación con un Eddie Redmayne que cada día nos sorprende más.',NULL,123,'https://www.youtube.com/embed/Salz7uGp72c','2024-10-28 11:07:29','2024-10-28 11:07:29'),(56,'./posters/53.jpg','Código enigma',1,2,'Durante el invierno de 1952, las autoridades británicas entraron en el hogar del matemático, analista y héroe de guerra Alan Turing, con la intención de investigar la denuncia de un robo. Al final acabaron arrestando a Turing acusándole de indecencia grave, un cargo que le supondría una devastadora condena por una ofensa criminal: ser homosexual. Los oficiales no tenían ni idea de que en realidad estaban incriminando al pionero de la informática actual. Liderando a un heterogéneo grupo de académicos, lingüistas, campeones de ajedrez y oficiales de inteligencia, se le conoce por haber descifrado el código de la inquebrantable máquina Enigma de los alemanes durante la Segunda Guerra Mundial.',NULL,115,'https://www.youtube.com/embed/nuPZUUED5uk','2024-10-28 11:07:29','2024-10-28 11:07:29'),(57,'./posters/54.jpg','Talentos ocultos',1,2,'Narra la historia nunca contada de tres brillantes mujeres científicas afroamericanas que trabajaron en la NASA a comienzos de los años sesenta (en plena carrera espacial, y asimismo en mitad de la lucha por los derechos civiles de los negros estadounidenses) en el ambicioso proyecto de poner en órbita al astronauta John Glenn.',NULL,127,'https://www.youtube.com/embed/RK8xHq6dfAo','2024-10-28 11:07:29','2024-10-28 11:07:29'),(58,'./posters/55.jpg','Una mente brillante',1,2,'Obsesionado con la búsqueda de una idea matemática original, el brillante estudiante John Forbes Nash llega a Princeton para realizar sus estudios de postgrado. Es un muchacho extraño y solitario, al que sólo comprende su compañero de cuarto. Por fin, Nash esboza una revolucionaria teoría y consigue una plaza de profesor en el MIT. Alicia Lardé, una de sus alumnas, lo deja fascinado al mostrarle que las leyes del amor están por encima de las de las matemáticas. Gracias a su prodigiosa habilidad para descifrar códigos es reclutado por Parcher William, del departamento de Defensa, para ayudar a los Estados Unidos en la Guerra Fría contra la Unión Soviética.',NULL,134,'https://www.youtube.com/embed/jT51irTIrAc','2024-10-28 11:07:29','2024-10-28 11:07:29'),(59,'./posters/56.jpg','Passengers',1,2,'Una nave espacial, que viaja a un planeta lejano transportando a miles de personas, tiene una avería en una de las cápsulas de hibernación tras el impacto con un gran meteorito. Como resultado, un pasajero se despierta noventa años antes del final del viaje.',NULL,116,'https://www.youtube.com/embed/7BWWWQzTpNU','2024-10-28 11:07:30','2024-10-28 11:07:30'),(60,'./posters/57.jpg','Passengers',1,2,'Un avión se estrella y tan sólo sobreviven cinco personas. Asignada al caso por su mentor, la joven terapeuta Claire, una brillante psicóloga, deberá ayudar a los supervivientes a superar el trauma. Pero, poco a poco, éstos empiezan a desaparecer misteriosamente... o a no aparecer en la sesiones. Nada está claro, ni siquiera qué pasó en el accidente. Además, entre los supervivientes está Eric, un atractivo pasajero que parece no necesitar terapia. (la línea entre este mundo y el próximo, está a pundo de ser cruzada)',NULL,93,'https://www.youtube.com/embed/iMW4RpQmJJQ','2024-10-28 11:07:30','2024-10-28 11:07:30'),(61,'./posters/58.jpg','Argo',1,2,'Irán, año 1979. Cuando la embajada de los Estados Unidos en Teherán es ocupada por seguidores del Ayatolá Jomeini para pedir la extradición del Sha de Persia, la CIA y el gobierno canadiense organizaron una operación para rescatar a seis diplomáticos estadounidenses que se habían refugiado en la casa del embajador de Canadá. Con este fin se recurrió a un experto en rescatar rehenes y se preparó el escenario para el rodaje de una película de ciencia-ficción, de título \'Argo\', en la que participaba un equipo de cazatalentos de Hollywood. La misión: ir a Teherán y hacer pasar a los diplomáticos por un equipo de filmación canadiense para traerlos de vuelta a casa.',NULL,120,'https://www.youtube.com/embed/JW3WfSFgrVY','2024-10-28 11:07:30','2024-10-28 11:07:30'),(62,'./posters/59.jpg','Prometheus',1,2,'Un grupo de científicos y exploradores emprende un viaje espacial a un remoto planeta, una rara estrella recién descubierta, donde sus límites físicos y mentales serán puestos a prueba. El motivo de la misión es que los humanos creen que allá podrán encontrar la respuesta a las preguntas más profundas y al mayor de los misterios: el origen de la vida en la Tierra.',NULL,120,'https://www.youtube.com/embed/34cEo0VhfGE','2024-10-28 11:07:30','2024-10-28 11:07:30'),(63,'./posters/60.jpg','Alien: Covenant',1,2,'Rumbo a un remoto planeta al otro lado de la galaxia, la tripulación de la nave colonial Covenant descubre lo que creen que es un paraíso inexplorado, pero resulta tratarse de un mundo oscuro y hostil cuyo único habitante es un \'sintético\' llamado David (Michael Fassbender), superviviente de la malograda expedición Prometheus. Secuela de \'Prometheus\' (2012), a su vez precuela de \'Alien, el octavo pasajero\' (1979).',NULL,122,'https://www.youtube.com/embed/svnAD0TApb8','2024-10-28 11:07:31','2024-10-28 11:07:31'),(64,'./posters/61.jpg','Life: Vida inteligente',1,2,'Seis miembros de la tripulación de la Estación Espacial Internacional que están a punto de lograr uno de los descubrimientos más importantes en la historia humana: la primera evidencia de vida extraterrestre en Marte. A medida que el equipo comienza a investigar y sus métodos tienen consecuencias inesperadas, la forma viviente demostrará ser más inteligente de lo que cualquiera esperaba.',NULL,106,'https://www.youtube.com/embed/viX9irZw9Cg','2024-10-28 11:07:31','2024-10-28 11:07:31'),(65,'./posters/62.jpg','Madame Curie',1,2,'Basada en el libro \'A tale of love and fallout\' de Lauren Redniss, Radioactive es la historia biográfica sobre la científica polaca Marie Curie, la primera persona en recibir dos premios Nobel en distintas especialidades —Física y Química—, y la primera mujer en ocupar el puesto de profesora en la Universidad de París. Dirigida por Marjane Satrapi y protagonizada por Rosamund Pike como Marie Curie, está basada en la novela gráfica de Lauren Redniss.',NULL,115,'https://www.youtube.com/embed/w0jqppl-ybY','2024-10-28 11:07:31','2024-10-28 11:07:31'),(66,'./posters/63.jpg','The IT Crowd',2,2,'En un desordenado sótano en las entrañas de Industrias Reynholm habitan Roy y Moss, los componentes del Departamento de informática. Víctimas del desprecio y del escarnio de sus compañeros más guays, su mundo de servidores y cortafuegos se ve interrumpido por la llegada de Jen, su nueva jefa, que sabe tanto de ordenadores como un yak.',4,NULL,'https://www.youtube.com/embed/wCa1jfo93jQ','2024-10-28 11:07:31','2024-10-28 11:07:31'),(67,'./posters/64.jpg','Humans',2,2,'En un presente paralelo donde el último gadget que hay que tener para cualquier familia ocupada es un \'Synth\' - un sirviente robótico altamente desarrollado que es tan similar a un humano real que está transformando la manera en que vivimos.',3,NULL,'https://www.youtube.com/embed/BV8qFeZxZPE','2024-10-28 11:07:32','2024-10-28 11:07:32'),(68,'./posters/65.jpg','Need for Speed',1,2,'El más famoso de los videojuegos de carreras llega a la gran pantalla para dejar a los más fanáticos boquiabiertos. Need for Speed cuenta la historia de un experto en automovilismo (Aaron Paul), el cual tiene un garage en dónde transforma coches para hacerlos más rápidos de lo que son para poder competir en carreras ilegales. Entró en la cárcel por un delito que no había cometido, justo cuando su mejor amigo muere en una carrera, y ahora sale de allí para vengarse.',NULL,130,'https://www.youtube.com/embed/u3wtVI-aJuw','2024-10-28 11:07:32','2024-10-28 11:07:32'),(69,'./posters/66.jpg','Mare of Easttown',2,2,'Mare of Easttown es una miniserie estadounidense de drama y misterio creada por Brad Ingelsby cuenta la historia de Mare Sheehan, una detective de un pequeño pueblo de Pensilvania que investiga un asesinato local mientras trata de evitar que su vida se desmorone a raiz de la muerte de su hijo, su separación, y la posible restitución de su nieto a su madre biológica.',1,NULL,'https://www.youtube.com/embed/miQqyfO66uw','2024-10-28 11:07:32','2024-10-28 11:07:32'),(70,'./posters/67.jpg','Ray',1,2,'La vida de Ray Charles es una alternancia de triunfos y fracasos personales que se suceden a lo largo de una dilatada y galardonada carrera en el mundo del espectáculo. Pero estamos hablando de un hombre que sintetizó sus luchas, su dolor y su oscuridad personal con la misma efectividad con la que supo fundir en su arte una miríada de estilos musicales: el jazz, el rhythm & blues, el rock & roll, el gospel y el country. Su historia tiene entonces un sentido muy distinto: la cadena de logros se transforma en el vibrante y conmovedor trayecto de un genio único con una visión propia que enseñó al mundo a escuchar música de una forma nueva. RAY es la biografía, nunca contada antes, de esa leyenda de la música americana que es Ray Charles. Se centra en el período más explosivo de la carrera de Charles, que comienza cuando este joven negro ciego se sube solo a un autobús en Florida y cruza el país para refinar su arte en la floreciente escena jazzística de Seattle.',NULL,152,'https://www.youtube.com/embed/jVHCQfcugdw','2024-10-28 11:07:32','2024-10-28 11:07:32'),(71,'./posters/68.jpg','Black Mirror',2,2,'Black Mirror es una serie de televisión británica creada por Charlie Brooker que muestra el lado oscuro de la vida y la tecnología. La serie es producida por Zeppotron para Endemol. En cuanto al contenido del programa y la estructura, Brooker ha señalado que \'cada episodio tiene un tono diferente, un entorno diferente, incluso una realidad diferente, pero todos son acerca de la forma en que vivimos ahora - y la forma en que podríamos estar viviendo en 10si somos torpes\'.',5,NULL,'https://www.youtube.com/embed/jVHCQfcugdw','2024-10-28 11:07:33','2024-10-28 11:07:33'),(72,'./posters/69.jpg','Detrás de sus ojos',2,2,'Una madre soltera se adentra en un mundo de retorcidos juegos psicológicos cuando inicia una relación cuasi-no consentida con su jefe, un psiquiatra, y se hace amiga en secreto de su misteriosa esposa. La trama se bassa en un thriller sobre un triángulo amoroso perverso, más la introducción sutilmente de un elemento clave, que dará un giro notable a la obra.',1,NULL,'https://www.youtube.com/embed/c4LtoWQaLxk','2024-10-28 11:07:33','2024-10-28 11:07:33'),(73,'./posters/70.jpg','Her',1,2,'En un futuro cercano, Theodore, un hombre solitario a punto de divorciarse que trabaja en una empresa como escritor de cartas para terceras personas, compra un día un nuevo sistema operativo basado en el modelo de Inteligencia Artificial, diseñado para satisfacer todas las necesidades del usuario. Para su sorpresa, se crea una relación romántica entre él y Samantha, la voz femenina de ese sistema operativo.',NULL,126,'https://www.youtube.com/embed/UVMcpZ42BkA','2024-10-28 11:07:33','2024-10-28 11:07:33'),(74,'./posters/71.jpg','Misión Imposible',1,2,'Ethan Hunt es un superespía capaz de resolver cualquier arriesgada situación con la máxima elegancia. Forma parte de un competente equipo dirigido por el agente Jim Phelps, que ha vuelto a reunir a sus hombres para participar en una dificilísima misión: evitar la venta de un disco robado que contiene información secreta de vital importancia.',NULL,110,'https://www.youtube.com/embed/Ohws8y572KE','2024-10-28 11:07:33','2024-10-28 11:07:33'),(75,'./posters/72.jpg','El agente de C.I.P.O.L.',1,2,'Guerra fría, años 60. Narra las aventuras de dos agentes secretos que se parecen más de lo que creen: Napoleon Solo, de la CIA, e Illya Kuryakin, del KGB. Ambos se ven obligados a olvidar sus diferencias y formar un equipo cuya misión será poner fin a una misteriosa organización criminal internacional que pretende desestabilizar el frágil equilibrio de poder provocado por la proliferación de las armas nucleares. La hija de un científico alemán desaparecido es la clave para infiltrarse en la organización, encontrar al científico y evitar una catástrofe mundial.',NULL,116,'https://www.youtube.com/embed/AeUzNxHHryQ','2024-10-28 11:07:34','2024-10-28 11:07:34'),(76,'./posters/73.jpg','Jumanji - Bienvenidos a la jungla',1,2,'Cuatro adolescentes son absorbidos por un videojuego, en el que se convierten en avatares de personajes arquetípicos. Allí vivirán múltiples aventuras, al tiempo que buscan cómo salir de allí para volver a su mundo.',NULL,119,'https://www.youtube.com/embed/2QKg5SZ_35I','2024-10-28 11:07:34','2024-10-28 11:07:34'),(77,'./posters/21.jpg','Jumanji - The next level',1,2,'Las aventuras continúan en el fantástico mundo del video juego Jumanji, donde nada es lo que parece. En esta ocasión, los jugadores vuelven al juego, pero sus personajes se han intercambiado entre sí, lo que ofrece un curioso plantel: los mismos héroes con distinta apariencia y habilidades. Pero, ¿dónde está el resto de la gente?',NULL,97,'https://www.youtube.com/embed/rBxcF-r9Ibs','2024-10-28 11:07:34','2024-10-28 11:07:34'),(78,'./posters/74.jpg','Mujer Maravilla 1984',1,2,'En 1984, en plena guerra fría, Diana Prince, conocida como La Mujer Maravilla, se enfrenta al empresario Maxwell Lord y a su antigua amiga Barbara Minerva / Cheetah, una villana que posee fuerza y agilidad sobrehumanas.',NULL,151,'https://www.youtube.com/embed/sfM7_JLk-84','2024-10-28 11:07:35','2024-10-28 11:07:35'),(79,'./posters/75.jpg','El Contador',1,2,'Christian Wolff es un contable y genio matemático, un hombre obsesivo con el orden y con mucha más afinidad con los números que con las personas, que lleva una doble vida como asesino despiadado.',NULL,128,'https://www.youtube.com/embed/DBfsgcswlYQ','2024-10-28 11:07:35','2024-10-28 11:07:35'),(80,'./posters/76.jpg','Mala Educación',1,2,'Frank Tassone, uno de los superintendentes más destacados del distrito escolar de Roslyn en Nueva York se desvive a diario para que la educación de sus alumnos sea la mejor. Pero de forma paralela, este se lucra con dinero público para llevar una vida llena de lujos. Así, Tassone y su personal, amigos y familiares, se convierten en los principales sospechosos del mayor escándalo de malversación de fondos ocurrido en una escuela pública de toda la historia de los Estados Unidos. (Algunas personas aprenden de manera difícil.)',NULL,108,'https://www.youtube.com/embed/DBfsgcswlYQ','2024-10-28 11:07:35','2024-10-28 11:07:35'),(81,'./posters/78.jpg','Noche en el Museo',1,2,'Un padre divorciado trata de establecerse, impresionar a su hijo y encontrar su destino. Él se presenta para un trabajo como vigilante nocturno en el Museo Americano de Historia Natural de la ciudad de Nueva York y, posteriormente, descubre que los objetos expuestos, animados por un artefacto mágico de Egipto, vuelven a la vida durante la noche. Al principio le va muy mal tratando de mantener el orden y la calma en el museo, pero al final se vuelve muy buen amigo de todos y juntos ayudan a recuperar aquel artefacto mágico egipcio, ya que ha sido robado por los antiguos vigilantes del museo.',NULL,108,'https://www.youtube.com/embed/B2G-8raHvOU','2024-10-28 11:07:35','2024-10-28 11:07:35'),(82,'./posters/79.jpg','Bohemian Rhapsody',1,2,'Bohemian Rhapsody es una rotunda y sonora celebración de Queen, de su música y de su extraordinario cantante Freddie Mercury, que desafió estereotipos e hizo añicos tradiciones para convertirse en uno de los showmans más queridos del mundo. La película plasma el meteórico ascenso al olimpo de la música de la banda a través de sus icónicas canciones y su revolucionario sonido, su crisis cuando el estilo de vida de Mercury estuvo fuera de control, y su triunfal reunión en la víspera del Live Aid, en la que Mercury, mientras sufría una enfermedad que amenazaba su vida, lidera a la banda en uno de los conciertos de rock más grandes de la historia. Veremos cómo se cimentó el legado de una banda que siempre se pareció más a una familia, y que continúa inspirando a propios y extraños, soñadores y amantes de la música hasta nuestros días.',NULL,134,'https://www.youtube.com/embed/mP0VHJYFOAU','2024-10-28 11:07:35','2024-10-28 11:07:35'),(83,'./posters/80.jpg','Rock of ages',1,2,'Los Ángeles, 1987: Un aspirante a roquero y una chica que trabajan en el mismo club (Bourbone Room) se enamoran y tratan de impedir que el local caiga en manos de unos empresarios que quieren demolerlo. Esta película es la adaptación cinematográfica del musical homónimo de Broadway.',NULL,123,'https://www.youtube.com/embed/mP0VHJYFOAU','2024-10-28 11:07:36','2024-10-28 11:07:36'),(84,'./posters/81.jpg','Super 8',1,2,'Año 1979, en un pequeño pueblo de Ohio. Joe Lamb (Joel Courtney) es un muchacho que ha perdido a su madre en un accidente y que vive con su padre policía (Kyle Chandler). Comenzado el verano, y mientras rueda una película de zombis en Super 8 con sus amigos -y sobre todo con la bella Alice Dainard (Elle Fanning)-, Joe observa cómo una camioneta se estrella contra un tren de mercancías, provocando su descarrilamiento y un terrible accidente. A partir de ese momento cosas extrañas e inexplicables comienzan a suceder en el pueblo.',NULL,82,'https://www.youtube.com/embed/QtZ6BQRDk4g','2024-10-28 11:07:36','2024-10-28 11:07:36'),(85,'./posters/82.jpg','Jurassic World - El reino caido',1,2,'Tras cuatro años de abandono del complejo turístico Jurassic World, la isla Nublar solo está habitada por los dinosaurios supervivientes, pero el volcán inactivo de la isla comienza a cobrar vida, Owen y Claire montan una campaña para rescatar a los dinosaurios restantes en la isla.',NULL,82,'https://www.youtube.com/embed/vn9mMeWcgoM','2024-10-28 11:07:36','2024-10-28 11:07:36'),(86,'./posters/83.jpg','Indiana Jones - y el Reino de la Calavera de Cristal',1,2,'Guerra Fría (1957). Indiana Jones (Harrison Ford) y su amigo Mac (Ray Winstone) acaban de escapar de las garras de unos agentes soviéticos en un remoto aeropuerto. El decano de la Universidad (Jim Broadbent) le confiesa a su amigo el profesor Jones que las últimas misiones de Indy han fracasado y que está a punto de ser despedido. Mientras tanto, Indiana conoce a Mutt (Shia LaBeouf), un joven rebelde que le propone un trato: si le ayuda a resolver un problema personal, él, a cambio, le facilitaría uno de los descubrimientos más espectaculares de la historia: la Calavera de Cristal de Akator, que se encuentra en un lugar remoto del Perú. Pero los agentes soviéticos, dirigidos por la fría y bella Irina Spalko (Cate Blanchett), tienen el mismo objetivo.',NULL,127,'https://www.youtube.com/embed/WAdJf4wTC5Y','2024-10-28 11:07:36','2024-10-28 11:07:36'),(87,'./posters/84.jpg','Los Goonies',1,2,'Mikey, un muchacho de trece años, que junto con su hermano mayor y sus amigos se hacen llamar \'Los Goonies\', decide subir a jugar al desván de su casa, donde su padre guarda antigüedades. Allí, el grupo encuentra el mapa de un tesoro y emprende un fabuloso viaje para validar la veracidad de dicho mapa, y encontrar ese tesoro tan preciado por estos amigos inseparables.',NULL,114,'https://www.youtube.com/embed/hJ2j4oWdQtU','2024-10-28 11:07:36','2024-10-28 11:07:36'),(88,'./posters/85.jpg','Cars',1,2,'El aspirante a campeón de carreras Rayo McQueen está sobre la vía rápida al éxito, la fama y todo lo que él había soñado, hasta que por error toma un desvío inesperado en la polvorienta y solitaria Ruta 66. Su actitud arrogante se desvanece cuando llega a una pequeña comunidad olvidada que le enseña las cosas importantes de la vida que había olvidado.',NULL,114,'https://www.youtube.com/embed/SbXIj2T-_uk','2024-10-28 11:07:37','2024-10-28 11:07:37'),(89,'./posters/86.jpg','Los pingüinos de Madagascar',1,2,'Los pingüinos llevan sus misiones en su hábitat en el Parque Central. Aparecen Julien, el rey de los lémures, y sus súbditos Maurice y Mort, sus nuevos vecinos, que constituyen la exhibición de lémures en el zoológico. Ahora los pingüinos deben mantener las cosas bajo control, a menudo a pesar de las payasadas de los lémures así como auxiliar en labores poco comunes o aventuras fuera de lo común. Skipper rara vez llama al Rey Julien por su nombre, dirigiéndose a él siempre como \'Cola anillada\' (por ser un lemur de cola anillada).',NULL,101,'https://www.youtube.com/embed/SbXIj2T-_uk','2024-10-28 11:07:37','2024-10-28 11:07:37'),(90,'./posters/87.jpg','Cementerio de animales',1,2,'Louis Creed, su esposa y sus dos niños se instalan en una vivienda próxima a una carretera con mucho tráfico. Cerca de la casa hay un sendero que lleva a un cementerio de animales y también a un antiguo cementerio indio; según la leyenda, los que sean enterrados allí volverán a la vida. Cuando uno de los niños muere atropellado por un camión, Louis ldecide enterrarlo en el cementerio indio.',NULL,103,'https://www.youtube.com/embed/JMao8sg4DPA','2024-10-28 11:07:37','2024-10-28 11:07:37'),(91,'./posters/88.jpg','Poltergeist',1,2,'Una familia americana de clase media se traslada a vivir e una nueva casa en un aparentemente idílico barrio, pero dentro de la casa comienzan a suceder cosas extrañas, fenómenos paranormales para los que no hay explicación posible.',NULL,114,'https://www.youtube.com/embed/9eZgEKjYJqA','2024-10-28 11:07:37','2024-10-28 11:07:37'),(92,'./posters/89.jpg','El código Da Vinci',1,2,'El catedrático y afamado simbologista Robert Langdon se ve obligado a acudir una noche al Museo del Louvre, cuando el asesinato de un restaurador deja tras de sí un misterioso rastro de símbolos y pistas. Con la ayuda de la criptógrafa de la policía Sophie Neveu y poniendo en juego su propia vida, Langdon descubre que la obra de Leonardo Da Vinci esconde una serie de misterios que apuntan a una sociedad secreta encargada de custodiar un antiguo secreto que ha permanecido oculto durante dos mil años.',NULL,249,'https://www.youtube.com/embed/lfqHb6INj3w','2024-10-28 11:07:37','2024-10-28 11:07:37'),(93,'./posters/90.jpg','Johnny English',1,2,'Las joyas de la Corona de su Majestad han desaparecido. Detrás de ello se esconde Pascal Sauvage (John Malkovich), que también conspira para hacerse con el trono de la reina. La misión es asignada a Johnny English (Rowan Atkinson), un agente tan entregado al trabajo como inexperto. Desde ese momento la información confidencial, los coches de lujo y la tecnología más sofisticada forman parte de su rutina diaria. Johnny English aún no se lo acaba de creer. Quizás todo esto le venga algo grande, pero su empeño con la misión y dedicación para llegar hasta el final es incuestionable, especialmente después de conocer a la agente doble Lorna Campbell (Natalie Imbruglia). Parece ser que lo de estar enamorado aún hará más emocionante esto de salvar al país.',NULL,188,'https://www.youtube.com/embed/EG0MR5dFz7E','2024-10-28 11:07:38','2024-10-28 11:07:38'),(94,'./posters/91.jpg','Almost Famous',1,2,'Homenaje al rock de los 70. Gracias a sus buenas críticas musicales, un adolescente que aspira a ser periodista es contratado por la revista \'Rolling Stone\' para cubrir la gira de una famosa banda. A pesar de su juventud y de la oposición de su madre, el chico vivirá con los músicos y sus fans una aventura inolvidable. Basada en la propia experiencia de Crowe.',NULL,122,'https://www.youtube.com/embed/aQXh_AaJXaM','2024-10-28 11:07:38','2024-10-28 11:07:38'),(95,'./posters/92.jpg','Escuela de Rock',1,2,'Dewey Finn -Jack Black- es un guitarrista con delirios de grandeza que es expulsado de su banda. Desesperado por encontrar un trabajo ante su falta de dinero, suplanta la identidad de un profesor sustituto para dar clase en una escuela privada a los pequeños alumnos pre-adolescentes de 5o grado a los que intentará enseñarles el \'rock & roll de alto voltaje\'. Además entre sus alumnos está Yuki, un guitarrista prodigio de 9 años que puede ayudar a Dewey a ganar la competición de bandas de música... y de paso solucionar sus problemas económicos.',NULL,110,'https://www.youtube.com/embed/TExoc0MG4I4','2024-10-28 11:07:38','2024-10-28 11:07:38'),(96,'./posters/93.jpg','Mi pobre angelito',1,2,'Kevin McAllister es un niño de ocho años, miembro de una familia numerosa, que accidentalmente se queda abandonado en su casa cuando toda la familia se marcha a pasar las vacaciones a Francia. Kevin aprende a valerse por sí mismo e incluso a protegerse de Harry y Marv, dos bribones que se proponen asaltar todas las casas cerradas de su vecindario. Cuando su madre Kate lo hecha en falta, realiza un pintoresco viaje de vuelta contra reloj a Chicago para recuperar a su hijo.',NULL,102,'https://www.youtube.com/embed/jEDaVHmw7r4','2024-10-28 11:07:38','2024-10-28 11:07:38'),(97,'./posters/94.jpg','Aprendices fuera de línea',1,2,'Cuando dos cuarentones vendedores de relojes son despedidos de sus respectivos trabajos, convencidos ambos de que no se han adaptado a los cambios de las nuevas tecnologías, deciden empezar de nuevo y buscar trabajo en la empresa más exitosa de Internet: Google. Finalmente consiguen un contrato de prácticas como becarios. La locura comienza cuando se ven compitiendo para conseguir el puesto con jóvenes veinteañeros, mucho más listos y más familiarizados con el mundo digital que ellos.',NULL,125,'https://www.youtube.com/embed/tn02SPT6ivM','2024-10-28 11:07:38','2024-10-28 11:07:38'),(98,'./posters/95.jpg','Outsourced',2,2,'Ambientada en el continente estadounidense, una empresa norteamericana que busca reducir los gastos, asciende a su mejor empleado del Call Center, poniéndolo a cargo del mismo. La única condición para dicho empleado, es viajar a la India, lugar en el mundo donde tercerizan el servicio ode atención al cliente, para abaratar costos. Allí, en la Ciudad de Bombay, los nativos le explican la cultura indú a los nóveles norteamericanos, y viceversa. Tendrán que convivir cada uno de los empleados de estos diferentes países, con sus pares y/o jefes opuestos en cultura.',1,NULL,'https://www.youtube.com/embed/_wR3LhFlgGo','2024-10-28 11:07:38','2024-10-28 11:07:38'),(101,'./posters/98.jpg','La Familia Addams',1,2,'El delirante y gótico estilo de vida de la peculiar familia Addams se ve amenazado peligrosamente cuando el codicioso dúo que forman madre e hijo, con la ayuda de un abogado sin ningún escrúpulos, conspiran para hacerse con la fortuna familiar... (No se pierdan las locutras de Gomez, Morticia, Tío Lucas, Merlina, El tío Cosas, Dedos y Largo)',NULL,101,'https://www.youtube.com/embed/G388UMkJIBE','2024-10-28 11:07:39','2024-10-28 11:07:39'),(102,'./posters/7.jpg','Guasón',1,3,'Arthur Fleck (Phoenix) es un hombre ignorado por la sociedad, cuya motivación en la vida es hacer reír. Pero una Serie de trágicos acontecimientos le llevarán a ver el mundo de otra forma. Película basada en el popular personaje de DC Comics Joker, conocido como archivillano de Batman, pero que en este film tomará un cariz más realista y oscuro.',NULL,121,'https://www.youtube.com/embed/zAGVQLHvwOY','2024-10-28 14:46:37','2024-10-28 14:46:37');
/*!40000 ALTER TABLE `contenido` ENABLE KEYS */;
UNLOCK TABLES;

--
-- Table structure for table `contenido_actores`
--

DROP TABLE IF EXISTS `contenido_actores`;
/*!40101 SET @saved_cs_client     = @@character_set_client */;
/*!50503 SET character_set_client = utf8mb4 */;
CREATE TABLE `contenido_actores` (
  `id_reparto` int NOT NULL AUTO_INCREMENT,
  `id_contenido` int DEFAULT NULL,
  `id_actor` int NOT NULL,
  PRIMARY KEY (`id_reparto`),
  UNIQUE KEY `contenido_actores_id_actor_id_contenido_unique` (`id_contenido`,`id_actor`),
  KEY `id_actor` (`id_actor`),
  CONSTRAINT `contenido_actores_ibfk_1` FOREIGN KEY (`id_contenido`) REFERENCES `contenido` (`id_contenido`) ON DELETE CASCADE ON UPDATE CASCADE,
  CONSTRAINT `contenido_actores_ibfk_2` FOREIGN KEY (`id_actor`) REFERENCES `actores` (`id_actor`) ON DELETE CASCADE ON UPDATE CASCADE
) ENGINE=InnoDB AUTO_INCREMENT=851 DEFAULT CHARSET=utf8mb4 COLLATE=utf8mb4_0900_ai_ci;
/*!40101 SET character_set_client = @saved_cs_client */;

--
-- Dumping data for table `contenido_actores`
--

LOCK TABLES `contenido_actores` WRITE;
/*!40000 ALTER TABLE `contenido_actores` DISABLE KEYS */;
INSERT INTO `contenido_actores` VALUES (1,1,1),(2,1,2),(3,1,3),(4,1,4),(5,1,5),(6,1,6),(7,2,7),(8,2,8),(9,2,9),(10,2,10),(11,2,11),(12,2,12),(13,3,13),(14,3,14),(15,3,15),(16,3,16),(17,3,17),(18,3,18),(19,4,19),(20,4,20),(21,4,21),(22,4,22),(23,4,23),(24,4,24),(25,5,25),(26,5,26),(27,5,27),(28,5,28),(29,5,29),(30,5,30),(37,6,31),(38,6,32),(39,6,33),(40,6,34),(41,6,35),(42,6,36),(54,7,36),(49,7,37),(50,7,38),(51,7,39),(52,7,40),(53,7,41),(58,12,42),(59,12,43),(57,12,44),(61,12,45),(62,12,46),(63,12,47),(64,13,70),(65,13,71),(66,13,72),(67,13,73),(68,13,74),(69,13,75),(70,14,76),(71,14,77),(72,14,78),(73,14,79),(74,14,80),(75,14,81),(76,15,82),(77,15,83),(78,15,84),(79,15,85),(80,15,86),(81,15,87),(82,15,88),(83,16,89),(84,16,90),(85,16,91),(86,16,92),(87,16,93),(88,16,94),(89,17,95),(90,17,96),(91,17,97),(92,17,98),(93,17,99),(55,17,100),(95,18,174),(96,18,175),(97,18,176),(98,18,177),(99,18,178),(100,18,179),(101,19,180),(102,19,181),(103,19,182),(104,19,183),(105,19,184),(106,19,185),(107,20,186),(108,20,187),(109,20,188),(110,20,189),(111,20,190),(112,20,191),(116,21,192),(117,21,193),(118,21,194),(119,21,195),(120,21,196),(121,21,197),(122,21,198),(123,21,199),(124,21,200),(125,21,201),(126,21,202),(129,21,203),(130,22,204),(131,23,204),(132,23,205),(133,23,206),(134,23,207),(135,23,208),(136,23,209),(137,24,212),(138,24,213),(139,24,214),(140,24,215),(141,24,216),(142,24,217),(143,25,218),(144,25,219),(145,25,220),(146,25,221),(147,25,222),(148,25,223),(150,26,198),(149,26,224),(151,26,226),(152,26,227),(153,26,228),(154,26,229),(155,27,230),(156,27,231),(157,27,232),(158,27,233),(159,27,234),(160,27,235),(161,28,236),(162,28,237),(163,28,238),(164,28,239),(165,28,240),(166,28,241),(167,29,242),(168,29,243),(169,29,244),(170,29,245),(171,29,246),(172,29,247),(173,30,248),(174,30,249),(175,30,250),(176,30,251),(177,30,252),(178,30,253),(180,31,236),(179,31,254),(181,31,256),(182,31,257),(183,31,258),(184,31,259),(187,32,157),(185,32,260),(186,32,261),(188,32,263),(189,32,264),(190,32,265),(193,33,121),(192,33,198),(191,33,236),(194,33,269),(195,33,270),(196,33,271),(197,34,272),(198,34,273),(199,34,274),(200,34,275),(201,34,276),(202,34,277),(203,35,278),(204,35,279),(205,35,280),(206,35,281),(207,35,282),(208,35,283),(209,36,284),(210,36,285),(211,36,286),(212,36,287),(213,36,288),(214,36,289),(215,37,290),(216,37,291),(217,37,292),(218,37,293),(219,37,294),(220,37,295),(221,38,296),(222,38,297),(223,38,298),(224,38,299),(225,38,300),(226,38,301),(227,39,145),(228,39,303),(229,39,304),(230,39,305),(231,39,306),(232,39,307),(233,40,308),(234,40,309),(235,40,310),(236,40,311),(237,40,312),(238,40,313),(239,41,314),(240,41,315),(241,41,316),(242,41,317),(243,41,318),(244,41,319),(245,42,320),(246,42,321),(247,42,322),(248,42,323),(249,42,324),(250,42,325),(251,43,326),(252,43,327),(253,43,328),(254,43,329),(255,43,330),(256,43,331),(115,44,38),(262,45,115),(257,45,137),(258,45,138),(259,45,139),(261,45,141),(260,45,335),(263,46,147),(264,46,148),(265,46,149),(266,46,150),(267,46,152),(268,46,153),(272,47,37),(269,47,156),(270,47,157),(271,47,158),(273,47,160),(274,47,161),(277,48,190),(275,48,350),(276,48,351),(278,48,353),(279,48,354),(280,48,355),(284,49,158),(281,49,356),(282,49,357),(283,49,358),(285,49,360),(286,49,361),(291,50,190),(287,50,362),(288,50,363),(289,50,364),(290,50,365),(292,50,367),(293,51,368),(294,51,369),(295,51,370),(296,51,371),(297,51,372),(298,51,373),(299,52,51),(301,52,52),(300,52,53),(303,52,54),(304,52,55),(302,52,57),(306,53,60),(305,53,61),(308,53,62),(307,53,63),(310,53,64),(309,53,68),(491,54,909),(492,54,910),(493,54,911),(494,54,912),(495,54,913),(496,54,914),(500,55,45),(501,55,182),(497,55,915),(498,55,916),(499,55,917),(502,55,920),(503,56,921),(504,56,922),(505,56,923),(506,56,924),(507,56,925),(508,56,926),(509,57,927),(510,57,928),(511,57,929),(512,57,930),(513,57,931),(514,57,932),(516,58,190),(519,58,256),(518,58,278),(515,58,933),(517,58,935),(520,58,938),(525,59,198),(522,59,278),(523,59,938),(521,59,939),(524,59,942),(526,59,944),(527,60,128),(528,60,946),(529,60,947),(530,60,948),(531,60,949),(532,60,950),(533,61,951),(534,61,952),(535,61,953),(536,61,954),(537,61,955),(538,62,957),(539,62,958),(540,62,959),(541,62,960),(542,62,961),(543,62,962),(546,63,72),(545,63,254),(544,63,963),(547,63,966),(548,63,967),(549,63,968),(550,64,70),(552,64,131),(551,64,239),(553,64,944),(554,64,973),(555,64,974),(557,65,101),(558,65,102),(559,65,103),(560,65,104),(561,65,106),(556,65,975),(563,66,237),(562,66,981),(564,66,983),(565,66,984),(566,66,985),(567,66,986),(569,67,101),(570,67,128),(572,67,326),(568,67,987),(571,67,990),(573,67,992),(574,68,944),(575,68,994),(576,68,995),(577,68,996),(578,68,997),(579,68,998),(671,69,259),(675,69,955),(672,69,1000),(673,69,1001),(674,69,1002),(676,69,1004),(677,70,1005),(678,70,1006),(679,70,1007),(680,70,1008),(681,70,1009),(682,70,1010),(684,71,33),(685,71,174),(686,71,194),(683,71,1011),(687,71,1015),(688,71,1016),(689,72,1017),(690,72,1018),(691,72,1019),(692,72,1020),(693,72,1021),(694,72,1022),(695,73,7),(697,73,134),(696,73,260),(700,73,278),(698,73,1026),(699,73,1027),(703,74,959),(701,74,1029),(702,74,1030),(704,74,1032),(705,74,1033),(706,74,1034),(114,75,38),(707,76,101),(708,76,102),(709,76,103),(710,76,104),(711,76,106),(712,76,107),(718,77,68),(713,77,101),(714,77,102),(715,77,103),(716,77,104),(717,77,117),(113,78,1),(719,79,128),(721,79,316),(720,79,326),(722,79,1050),(723,79,1051),(724,79,1052),(725,80,1053),(726,80,1054),(727,80,1055),(728,80,1056),(729,80,1057),(730,80,1058),(731,81,1059),(732,81,1060),(733,81,1061),(734,81,1062),(735,81,1063),(736,81,1064),(737,82,1065),(738,82,1066),(739,82,1067),(740,82,1068),(741,82,1069),(742,82,1070),(743,83,1029),(744,83,1072),(745,83,1073),(746,83,1074),(747,83,1075),(748,83,1076),(749,84,293),(750,84,1078),(751,84,1079),(752,84,1080),(753,84,1081),(754,84,1082),(755,85,278),(756,85,279),(758,85,1015),(757,85,1085),(759,85,1087),(760,85,1088),(765,86,264),(761,86,1089),(762,86,1090),(763,86,1091),(764,86,1092),(766,86,1094),(767,87,1095),(768,87,1096),(769,87,1097),(770,87,1098),(771,87,1099),(772,87,1100),(773,88,1062),(774,88,1102),(775,88,1103),(776,88,1104),(777,88,1105),(778,88,1106),(782,89,199),(783,89,921),(780,89,1059),(779,89,1107),(781,89,1109),(784,89,1112),(785,90,292),(786,90,1114),(787,90,1115),(788,90,1116),(789,90,1117),(790,90,1118),(793,91,180),(794,91,293),(791,91,1119),(792,91,1120),(795,91,1123),(796,91,1124),(797,92,362),(799,92,984),(798,92,1126),(800,92,1128),(801,92,1129),(802,92,1130),(807,93,174),(804,93,199),(803,93,1131),(805,93,1133),(806,93,1134),(808,93,1136),(809,94,1137),(810,94,1138),(811,94,1139),(812,94,1140),(813,94,1141),(814,94,1142),(815,95,103),(816,95,1144),(817,95,1145),(818,95,1146),(819,95,1147),(820,95,1148),(821,96,1149),(822,96,1150),(823,96,1151),(824,96,1152),(825,96,1153),(826,96,1154),(831,97,89),(830,97,301),(827,97,1155),(828,97,1156),(829,97,1157),(832,97,1160),(833,98,1161),(834,98,1162),(835,98,1163),(836,98,1164),(837,98,1165),(838,98,1166),(840,101,165),(839,101,166),(841,101,167),(842,101,1170),(843,101,1171),(844,101,1172),(845,102,7),(846,102,8),(847,102,9),(848,102,10),(849,102,11),(850,102,1178);
/*!40000 ALTER TABLE `contenido_actores` ENABLE KEYS */;
UNLOCK TABLES;

--
-- Table structure for table `genero`
--

DROP TABLE IF EXISTS `genero`;
/*!40101 SET @saved_cs_client     = @@character_set_client */;
/*!50503 SET character_set_client = utf8mb4 */;
CREATE TABLE `genero` (
  `id_genero` int NOT NULL AUTO_INCREMENT,
  `nombre_genero` char(20) NOT NULL,
  PRIMARY KEY (`id_genero`),
  UNIQUE KEY `id_genero` (`id_genero`)
) ENGINE=InnoDB AUTO_INCREMENT=13 DEFAULT CHARSET=utf8mb4 COLLATE=utf8mb4_0900_ai_ci;
/*!40101 SET character_set_client = @saved_cs_client */;

--
-- Dumping data for table `genero`
--

LOCK TABLES `genero` WRITE;
/*!40000 ALTER TABLE `genero` DISABLE KEYS */;
INSERT INTO `genero` VALUES (1,'Ciencia Ficción'),(2,'Drama'),(3,'Suspenso'),(4,'Crimen'),(5,'Ficción'),(6,'Suceso Real'),(7,'Fantasía'),(8,'Comedia'),(9,'Familia'),(10,'Action'),(11,'Terror'),(12,'Aventura');
/*!40000 ALTER TABLE `genero` ENABLE KEYS */;
UNLOCK TABLES;
/*!40103 SET TIME_ZONE=@OLD_TIME_ZONE */;

/*!40101 SET SQL_MODE=@OLD_SQL_MODE */;
/*!40014 SET FOREIGN_KEY_CHECKS=@OLD_FOREIGN_KEY_CHECKS */;
/*!40014 SET UNIQUE_CHECKS=@OLD_UNIQUE_CHECKS */;
/*!40101 SET CHARACTER_SET_CLIENT=@OLD_CHARACTER_SET_CLIENT */;
/*!40101 SET CHARACTER_SET_RESULTS=@OLD_CHARACTER_SET_RESULTS */;
/*!40101 SET COLLATION_CONNECTION=@OLD_COLLATION_CONNECTION */;
/*!40111 SET SQL_NOTES=@OLD_SQL_NOTES */;

-- Dump completed on 2024-11-06 19:08:07
